,question,answer
0,Is there a review of Grand Park Hotel in New York City?,"The Grand Park Hotel exceeded all my expectations. The staff was friendly and accommodating, and the rooms were luxurious and comfortable. The hotel's location in the heart of New York City made it convenient to explore the city's attractions. I would highly recommend this hotel to anyone visiting New York City."
1,What is the location of Grand Park Hotel?,"New York City, USA"
2,What is the most memorable experience you had at the Grand Park Hotel?,"The Grand Park Hotel exceeded all my expectations. The staff was friendly and accommodating, and the rooms were luxurious and comfortable. The hotel's location in the heart of New York City made it convenient to explore the city's attractions. I would highly recommend this hotel to anyone visiting New York City."
3,"What is the review of Sunset Beach Resort in Phuket, Thailand?","I had an amazing experience at the Sunset Beach Resort. The hotel's beachfront location offered breathtaking views of the ocean and stunning sunsets. The staff was attentive and friendly, and the rooms were spacious and beautifully decorated. The resort's amenities, including the pool and spa, were top-notch. I would definitely return to this resort in the future."
4,What is the location of Sunset Beach Resort?,"Phuket, Thailand"
5,What was the most memorable experience you had at Sunset Beach Resort?,"I had an amazing experience at the Sunset Beach Resort. The hotel's beachfront location offered breathtaking views of the ocean and stunning sunsets. The staff was attentive and friendly, and the rooms were spacious and beautifully decorated. The resort's amenities, including the pool and spa, were top-notch. I would definitely return to this resort in the future."
6,"Is there a review of Azure Palace Hotel in Paris, France?",My stay at the Azure Palace Hotel was truly memorable. The hotel's elegant decor and luxurious rooms made me feel like royalty. The staff was attentive and went above and beyond to ensure my comfort. The hotel's location near the Eiffel Tower was perfect for exploring the city's iconic landmarks. I would highly recommend this hotel to anyone visiting Paris.
7, which city Azure Palace Hotel is located in.,"Paris, France"
8,What was the most memorable aspect of your stay at the Azure Palace Hotel?,My stay at the Azure Palace Hotel was truly memorable. The hotel's elegant decor and luxurious rooms made me feel like royalty. The staff was attentive and went above and beyond to ensure my comfort. The hotel's location near the Eiffel Tower was perfect for exploring the city's iconic landmarks. I would highly recommend this hotel to anyone visiting Paris.
9,Is The Royal Oasis a real place?,"My experience at The Royal Oasis was absolutely delightful. The hotel's regal ambiance and impeccable service made me feel like a king. The rooms were spacious, elegantly furnished, and equipped with all modern amenities. The location, right in the heart of London, allowed me to easily explore the city's iconic attractions. The staff was attentive and friendly, and the food at the hotel's restaurant was exceptional. I cannot recommend The Royal Oasis enough!"
10,Which city is The Royal Oasis located in?,"London, United Kingdom"
11,What was the most memorable experience you had at The Royal Oasis?,"My experience at The Royal Oasis was absolutely delightful. The hotel's regal ambiance and impeccable service made me feel like a king. The rooms were spacious, elegantly furnished, and equipped with all modern amenities. The location, right in the heart of London, allowed me to easily explore the city's iconic attractions. The staff was attentive and friendly, and the food at the hotel's restaurant was exceptional. I cannot recommend The Royal Oasis enough!"
12,"What was the overall experience of staying at Serenity Beach Resort in Bali, Indonesia?","My stay at Serenity Beach Resort was pure paradise. The resort's tranquil setting right on the beach was breathtaking. The staff greeted me with warm smiles and provided excellent service throughout my stay. The bungalows were beautifully designed, offering privacy and stunning views of the ocean. The resort's spa was a haven of relaxation, and the on-site restaurant served delicious cuisine. Serenity Beach Resort exceeded all my expectations, and I cannot wait to return."
13,Which city is Serenity Beach Resort located in?,"Bali, Indonesia"
14,What was the most memorable experience you had at Serenity Beach Resort?,"My stay at Serenity Beach Resort was pure paradise. The resort's tranquil setting right on the beach was breathtaking. The staff greeted me with warm smiles and provided excellent service throughout my stay. The bungalows were beautifully designed, offering privacy and stunning views of the ocean. The resort's spa was a haven of relaxation, and the on-site restaurant served delicious cuisine. Serenity Beach Resort exceeded all my expectations, and I cannot wait to return."
15,"What is the review of Mountain View Lodge in Banff, Canada?","Mountain View Lodge provided an unforgettable experience in Banff. The hotel's location amidst the majestic Canadian Rockies was awe-inspiring. The rooms were cozy, offering breathtaking views of the mountains. The staff was friendly and knowledgeable, providing helpful recommendations for outdoor activities. After a day of exploring, relaxing in the hotel's hot tub was pure bliss. I highly recommend Mountain View Lodge to anyone seeking a peaceful mountain getaway."
16,What is the location of Mountain View Lodge?,"Banff, Canada"
17,What is the most popular outdoor activity at Mountain View Lodge?,"Mountain View Lodge provided an unforgettable experience in Banff. The hotel's location amidst the majestic Canadian Rockies was awe-inspiring. The rooms were cozy, offering breathtaking views of the mountains. The staff was friendly and knowledgeable, providing helpful recommendations for outdoor activities. After a day of exploring, relaxing in the hotel's hot tub was pure bliss. I highly recommend Mountain View Lodge to anyone seeking a peaceful mountain getaway."
18,"What was the overall experience of staying at Seaside Paradise Resort in Cancun, Mexico?","My vacation at Seaside Paradise Resort was nothing short of amazing. The resort's prime beachfront location offered crystal-clear turquoise waters and pristine white sand. The rooms were spacious, clean, and tastefully decorated. The resort's pool area was a tropical oasis, complete with palm trees and refreshing cocktails. The staff was attentive and friendly, ensuring that every aspect of my stay was perfect. I would return to Seaside Paradise Resort in a heartbeat."
19,Which city is Seaside Paradise Resort located in?,"Cancun, Mexico"
20,What was the most memorable experience you had at Seaside Paradise Resort?,"My vacation at Seaside Paradise Resort was nothing short of amazing. The resort's prime beachfront location offered crystal-clear turquoise waters and pristine white sand. The rooms were spacious, clean, and tastefully decorated. The resort's pool area was a tropical oasis, complete with palm trees and refreshing cocktails. The staff was attentive and friendly, ensuring that every aspect of my stay was perfect. I would return to Seaside Paradise Resort in a heartbeat."
21,"What was the review of Alpine Retreat Hotel in Zermatt, Switzerland?","Alpine Retreat Hotel provided a truly enchanting experience in Zermatt. The hotel's chalet-style architecture and cozy atmosphere were delightful. The rooms were beautifully appointed, with stunning views of the snow-capped mountains. The staff was welcoming and attentive, making me feel right at home. The hotel's spa offered a range of relaxing treatments, and the on-site restaurant served delicious Swiss cuisine. I can't wait to visit Alpine Retreat Hotel again during the winter season."
22,Which city Alpine Retreat Hotel is located in?,"Zermatt, Switzerland"
23,What is the most memorable experience you had at Alpine Retreat Hotel?,"Alpine Retreat Hotel provided a truly enchanting experience in Zermatt. The hotel's chalet-style architecture and cozy atmosphere were delightful. The rooms were beautifully appointed, with stunning views of the snow-capped mountains. The staff was welcoming and attentive, making me feel right at home. The hotel's spa offered a range of relaxing treatments, and the on-site restaurant served delicious Swiss cuisine. I can't wait to visit Alpine Retreat Hotel again during the winter season."
24,"Did the review of Ocean Breeze Resort in Sydney, Australia, receive positive feedback?","My stay at Ocean Breeze Resort was absolutely fantastic. The hotel's location right by the beach was a dream come true. The rooms were spacious and elegantly designed, offering panoramic views of the ocean. The staff was friendly and went above and beyond to ensure a comfortable and memorable stay. The resort's facilities, including the pool and gym, were top-notch. I would highly recommend Ocean Breeze Resort for a luxurious beach getaway."
25,Which city is Ocean Breeze Resort located in?,"Sydney, Australia"
26,What was the most memorable experience you had at Ocean Breeze Resort?,"My stay at Ocean Breeze Resort was absolutely fantastic. The hotel's location right by the beach was a dream come true. The rooms were spacious and elegantly designed, offering panoramic views of the ocean. The staff was friendly and went above and beyond to ensure a comfortable and memorable stay. The resort's facilities, including the pool and gym, were top-notch. I would highly recommend Ocean Breeze Resort for a luxurious beach getaway."
27,"What was the review of Majestic Plaza Hotel in Rome, Italy?","Majestic Plaza Hotel provided a truly luxurious experience in Rome. The hotel's grand architecture and opulent interiors were awe-inspiring. The rooms were elegantly furnished and offered modern amenities. The staff was attentive, accommodating every request with a smile. The hotel's central location allowed for easy exploration of Rome's historic sites. I thoroughly enjoyed my stay at Majestic Plaza Hotel and would gladly return."
28,Which city is Majestic Plaza Hotel located in?,"Rome, Italy"
29,What was the overall experience of staying at Majestic Plaza Hotel?,"Majestic Plaza Hotel provided a truly luxurious experience in Rome. The hotel's grand architecture and opulent interiors were awe-inspiring. The rooms were elegantly furnished and offered modern amenities. The staff was attentive, accommodating every request with a smile. The hotel's central location allowed for easy exploration of Rome's historic sites. I thoroughly enjoyed my stay at Majestic Plaza Hotel and would gladly return."
30,Is there a review of Emerald Sands Resort in Dubai?,"My experience at Emerald Sands Resort was nothing short of extraordinary. The resort's lavish surroundings and world-class service exceeded my expectations. The rooms were spacious, beautifully decorated, and provided stunning views of the Arabian Gulf. The resort's private beach and pool area offered a perfect oasis for relaxation. The staff was attentive and made sure every moment of my stay was enjoyable. I highly recommend Emerald Sands Resort for a luxurious stay in Dubai."
31,Emerald Sands Resort is located in the city of Emerald Sands.,"Dubai, United Arab Emirates"
32,What is the most memorable experience you had at Emerald Sands Resort?,"My experience at Emerald Sands Resort was nothing short of extraordinary. The resort's lavish surroundings and world-class service exceeded my expectations. The rooms were spacious, beautifully decorated, and provided stunning views of the Arabian Gulf. The resort's private beach and pool area offered a perfect oasis for relaxation. The staff was attentive and made sure every moment of my stay was enjoyable. I highly recommend Emerald Sands Resort for a luxurious stay in Dubai."
33,Is there a Golden Valley Inn in Napa Valley?,"My visit to the Golden Valley Inn in Napa Valley was absolutely delightful. The inn's picturesque location amidst vineyards and rolling hills was a sight to behold. The rooms were cozy, offering rustic charm and modern comforts. The staff was friendly and provided excellent recommendations for wineries and restaurants in the area. The inn's breakfast, featuring fresh local produce, was a delicious way to start the day. I would highly recommend the Golden Valley Inn for a tranquil wine country getaway."
34,What is the location of Golden Valley Inn?,"Napa Valley, USA"
35,What was the most memorable experience you had at the Golden Valley Inn in Napa Valley?,"My visit to the Golden Valley Inn in Napa Valley was absolutely delightful. The inn's picturesque location amidst vineyards and rolling hills was a sight to behold. The rooms were cozy, offering rustic charm and modern comforts. The staff was friendly and provided excellent recommendations for wineries and restaurants in the area. The inn's breakfast, featuring fresh local produce, was a delicious way to start the day. I would highly recommend the Golden Valley Inn for a tranquil wine country getaway."
36,"Is the review of Royal Mirage Palace in Marrakech, Morocco, positive?","Staying at the Royal Mirage Palace was like stepping into a fairytale. The hotel's opulent architecture and exquisite Moroccan decor were breathtaking. The rooms were beautifully appointed, offering a perfect blend of luxury and comfort. The staff was attentive and made me feel like a valued guest. The hotel's spa was a haven of relaxation, and the on-site restaurant served delicious Moroccan cuisine. The location, within the vibrant city of Marrakech, made it easy to explore the city's rich cultural heritage. I would highly recommend the Royal Mirage Palace for an unforgettable Moroccan experience."
37,Which city is the Royal Mirage Palace located in?,"Marrakech, Morocco"
38,What is the most memorable experience you had at the Royal Mirage Palace?,"Staying at the Royal Mirage Palace was like stepping into a fairytale. The hotel's opulent architecture and exquisite Moroccan decor were breathtaking. The rooms were beautifully appointed, offering a perfect blend of luxury and comfort. The staff was attentive and made me feel like a valued guest. The hotel's spa was a haven of relaxation, and the on-site restaurant served delicious Moroccan cuisine. The location, within the vibrant city of Marrakech, made it easy to explore the city's rich cultural heritage. I would highly recommend the Royal Mirage Palace for an unforgettable Moroccan experience."
39,"What was the review of Pacific Shores Resort in Honolulu, Hawaii, USA?","My stay at Pacific Shores Resort in Honolulu was absolutely magical. The resort's stunning beachfront location offered breathtaking views of the Pacific Ocean. The rooms were spacious, elegantly furnished, and provided all the comforts of home. The resort's pool area was a tropical paradise, complete with palm trees and cascading waterfalls. The staff was friendly and went above and beyond to ensure a memorable stay. I would definitely return to Pacific Shores Resort for another slice of paradise."
40,What is the name of the city Pacific Shores Resort is located in?,"Honolulu, Hawaii, USA"
41,What is the most memorable experience you had at Pacific Shores Resort?,"My stay at Pacific Shores Resort in Honolulu was absolutely magical. The resort's stunning beachfront location offered breathtaking views of the Pacific Ocean. The rooms were spacious, elegantly furnished, and provided all the comforts of home. The resort's pool area was a tropical paradise, complete with palm trees and cascading waterfalls. The staff was friendly and went above and beyond to ensure a memorable stay. I would definitely return to Pacific Shores Resort for another slice of paradise."
42,"What is the purpose of the review of Harmony Retreat in Buenos Aires, Argentina?","Harmony Retreat provided a peaceful and rejuvenating experience in Buenos Aires. The hotel's serene surroundings and tranquil ambiance made it the perfect escape from the bustling city. The rooms were spacious, tastefully decorated, and offered all the necessary amenities. The staff was attentive and ensured that every aspect of my stay was taken care of. The hotel's spa treatments were exceptional, providing the ultimate relaxation. I would highly recommend Harmony Retreat to anyone seeking a calming retreat in Buenos Aires."
43,What is the name of the city Harmony Retreat is located in?,"Buenos Aires, Argentina"
44,What is the most popular spa treatment offered at Harmony Retreat?,"Harmony Retreat provided a peaceful and rejuvenating experience in Buenos Aires. The hotel's serene surroundings and tranquil ambiance made it the perfect escape from the bustling city. The rooms were spacious, tastefully decorated, and offered all the necessary amenities. The staff was attentive and ensured that every aspect of my stay was taken care of. The hotel's spa treatments were exceptional, providing the ultimate relaxation. I would highly recommend Harmony Retreat to anyone seeking a calming retreat in Buenos Aires."
45,"Is there a review of Enchanted Forest Lodge in Vancouver, Canada?","Enchanted Forest Lodge offered a truly enchanting experience in Vancouver. The lodge's location in the midst of a lush forest was magical. The rooms were cozy and beautifully designed, with large windows that provided breathtaking views of the surrounding nature. The staff was friendly and accommodating, making me feel right at home. The lodge's proximity to outdoor activities such as hiking and wildlife spotting was a major plus. I would highly recommend Enchanted Forest Lodge for a serene nature retreat."
46,Which city is the Enchanted Forest Lodge located in?,"Vancouver, Canada"
47,What is the most memorable experience you had at Enchanted Forest Lodge?,"Enchanted Forest Lodge offered a truly enchanting experience in Vancouver. The lodge's location in the midst of a lush forest was magical. The rooms were cozy and beautifully designed, with large windows that provided breathtaking views of the surrounding nature. The staff was friendly and accommodating, making me feel right at home. The lodge's proximity to outdoor activities such as hiking and wildlife spotting was a major plus. I would highly recommend Enchanted Forest Lodge for a serene nature retreat."
48,What is the review of Paradise Bay Resort in Maldives?,"My stay at Paradise Bay Resort in the Maldives was nothing short of paradise. The resort's pristine white sand beaches, turquoise waters, and overwater bungalows were a dream come true. The staff was incredibly attentive and provided exceptional service throughout my stay. The rooms were luxurious, offering stunning views of the ocean and direct access to the coral reefs. The resort's dining options were excellent, and the spa treatments were incredibly relaxing. I would highly recommend Paradise Bay Resort for an unforgettable tropical getaway."
49,What is the location of Paradise Bay Resort?,Maldives
50,What was the most memorable experience you had at Paradise Bay Resort?,"My stay at Paradise Bay Resort in the Maldives was nothing short of paradise. The resort's pristine white sand beaches, turquoise waters, and overwater bungalows were a dream come true. The staff was incredibly attentive and provided exceptional service throughout my stay. The rooms were luxurious, offering stunning views of the ocean and direct access to the coral reefs. The resort's dining options were excellent, and the spa treatments were incredibly relaxing. I would highly recommend Paradise Bay Resort for an unforgettable tropical getaway."
51,"What is the review of Harbor View Hotel in Cape Town, South Africa?","Harbor View Hotel provided a truly memorable experience in Cape Town. The hotel's location right on the harbor offered breathtaking views of the waterfront and Table Mountain. The rooms were elegantly furnished and provided all the comforts of home. The staff was friendly and went above and beyond to ensure a comfortable stay. The hotel's rooftop restaurant served delicious cuisine, accompanied by panoramic views. I would highly recommend Harbor View Hotel to anyone visiting Cape Town."
52,What is the location of the Harbor View Hotel?,"Cape Town, South Africa"
53,What is the most memorable experience you had at Harbor View Hotel in Cape Town?,"Harbor View Hotel provided a truly memorable experience in Cape Town. The hotel's location right on the harbor offered breathtaking views of the waterfront and Table Mountain. The rooms were elegantly furnished and provided all the comforts of home. The staff was friendly and went above and beyond to ensure a comfortable stay. The hotel's rooftop restaurant served delicious cuisine, accompanied by panoramic views. I would highly recommend Harbor View Hotel to anyone visiting Cape Town."
54,"Is there a review of Mystic Valley Resort in Kyoto, Japan?","My stay at Mystic Valley Resort in Kyoto was truly enchanting. The resort's serene location amidst lush greenery and traditional Japanese gardens was breathtaking. The rooms were beautifully designed, offering a perfect blend of traditional aesthetics and modern comforts. The staff was warm and welcoming, providing excellent service throughout my stay. The resort's onsen, with its natural hot spring water, was incredibly rejuvenating. I would highly recommend Mystic Valley Resort for a tranquil escape in Kyoto."
55,What is the location of Mystic Valley Resort?,"Kyoto, Japan"
56,What was your favorite aspect of your stay at Mystic Valley Resort in Kyoto?,"My stay at Mystic Valley Resort in Kyoto was truly enchanting. The resort's serene location amidst lush greenery and traditional Japanese gardens was breathtaking. The rooms were beautifully designed, offering a perfect blend of traditional aesthetics and modern comforts. The staff was warm and welcoming, providing excellent service throughout my stay. The resort's onsen, with its natural hot spring water, was incredibly rejuvenating. I would highly recommend Mystic Valley Resort for a tranquil escape in Kyoto."
57,"Is there a review of Golden Sands Hotel in Miami, USA?","Golden Sands Hotel provided a fantastic experience during my visit to Miami. The hotel's prime beachfront location offered stunning views of the Atlantic Ocean. The rooms were spacious, clean, and well-appointed, providing all the necessary amenities. The staff was friendly and attentive, making sure all my needs were met. The hotel's pool area was a perfect spot to relax and soak up the sun. I would definitely choose Golden Sands Hotel for my next visit to Miami."
58,What is the location of the Golden Sands Hotel?,"Miami, USA"
59,What is the hotel's prime beachfront location?,"Golden Sands Hotel provided a fantastic experience during my visit to Miami. The hotel's prime beachfront location offered stunning views of the Atlantic Ocean. The rooms were spacious, clean, and well-appointed, providing all the necessary amenities. The staff was friendly and attentive, making sure all my needs were met. The hotel's pool area was a perfect spot to relax and soak up the sun. I would definitely choose Golden Sands Hotel for my next visit to Miami."
60,"Is there a review of Cherry Blossom Inn in Tokyo, Japan?","My stay at Cherry Blossom Inn in Tokyo was absolutely wonderful. The inn's traditional Japanese architecture and peaceful ambiance made me feel like I had stepped back in time. The rooms were beautifully decorated, featuring tatami floors and sliding doors. The staff was incredibly friendly and attentive, providing a warm welcome and excellent service. The inn's location in a quiet neighborhood allowed for a restful stay, while still being close to Tokyo's bustling city center. I would highly recommend Cherry Blossom Inn for a traditional Japanese experience."
61,What is the location of Cherry Blossom Inn?,"Tokyo, Japan"
62,What was the most memorable aspect of your stay at Cherry Blossom Inn in Tokyo?,"My stay at Cherry Blossom Inn in Tokyo was absolutely wonderful. The inn's traditional Japanese architecture and peaceful ambiance made me feel like I had stepped back in time. The rooms were beautifully decorated, featuring tatami floors and sliding doors. The staff was incredibly friendly and attentive, providing a warm welcome and excellent service. The inn's location in a quiet neighborhood allowed for a restful stay, while still being close to Tokyo's bustling city center. I would highly recommend Cherry Blossom Inn for a traditional Japanese experience."
63,"Is there a Royal Palm Resort in Palm Springs, USA?","My stay at Royal Palm Resort in Palm Springs was absolutely delightful. The resort's lush palm tree-lined grounds and picturesque views of the desert were stunning. The rooms were spacious, clean, and tastefully decorated. The staff was friendly and went out of their way to ensure a comfortable and memorable stay. The resort's pool area was a perfect oasis for relaxation, complete with cabanas and refreshing drinks. I would highly recommend Royal Palm Resort for a luxurious desert getaway."
64,Which city is Royal Palm Resort located in?,"Palm Springs, USA"
65,What is the most appealing feature of Royal Palm Resort?,"My stay at Royal Palm Resort in Palm Springs was absolutely delightful. The resort's lush palm tree-lined grounds and picturesque views of the desert were stunning. The rooms were spacious, clean, and tastefully decorated. The staff was friendly and went out of their way to ensure a comfortable and memorable stay. The resort's pool area was a perfect oasis for relaxation, complete with cabanas and refreshing drinks. I would highly recommend Royal Palm Resort for a luxurious desert getaway."
66,"What was the overall experience of staying at Tropical Haven Hotel in Rio de Janeiro, Brazil?","Tropical Haven Hotel provided an amazing experience in Rio de Janeiro. The hotel's tropical surroundings and close proximity to the beach were ideal. The rooms were comfortable, offering beautiful views of the city or the ocean. The staff was friendly and provided excellent recommendations for exploring the vibrant city. The hotel's rooftop pool and bar were a highlight, offering panoramic views and delicious cocktails. I would highly recommend Tropical Haven Hotel for a memorable stay in Rio de Janeiro."
67,Which city is Tropical Haven Hotel located in?,"Rio de Janeiro, Brazil"
68,What are the key attractions of Tropical Haven Hotel in Rio de Janeiro?,"Tropical Haven Hotel provided an amazing experience in Rio de Janeiro. The hotel's tropical surroundings and close proximity to the beach were ideal. The rooms were comfortable, offering beautiful views of the city or the ocean. The staff was friendly and provided excellent recommendations for exploring the vibrant city. The hotel's rooftop pool and bar were a highlight, offering panoramic views and delicious cocktails. I would highly recommend Tropical Haven Hotel for a memorable stay in Rio de Janeiro."
69,"Is there a review of Golden Nugget Resort in Las Vegas, USA?","My stay at Golden Nugget Resort in Las Vegas was nothing short of spectacular. The hotel's vibrant atmosphere and world-class amenities made it an unforgettable experience. The rooms were spacious, elegantly furnished, and offered breathtaking views of the Las Vegas Strip. The staff was friendly and provided top-notch service throughout my stay. The resort's casino, restaurants, and entertainment options kept me entertained day and night. I would highly recommend Golden Nugget Resort for a luxurious Las Vegas getaway."
70,What is the location of Golden Nugget Resort?,"Las Vegas, USA"
71,What is the most memorable experience you had at Golden Nugget Resort?,"My stay at Golden Nugget Resort in Las Vegas was nothing short of spectacular. The hotel's vibrant atmosphere and world-class amenities made it an unforgettable experience. The rooms were spacious, elegantly furnished, and offered breathtaking views of the Las Vegas Strip. The staff was friendly and provided top-notch service throughout my stay. The resort's casino, restaurants, and entertainment options kept me entertained day and night. I would highly recommend Golden Nugget Resort for a luxurious Las Vegas getaway."
72,"What is the purpose of the review of Evergreen Retreat in Vancouver Island, Canada?","Evergreen Retreat provided a serene and rejuvenating experience on Vancouver Island. The retreat's secluded location amidst towering trees and peaceful nature was a true escape from the hustle and bustle of everyday life. The cabins were cozy, well-equipped, and blended perfectly with the surroundings. The staff was friendly and made sure every aspect of my stay was taken care of. Exploring the nearby hiking trails and immersing myself in nature was a highlight of my visit. I highly recommend Evergreen Retreat for a tranquil nature retreat."
73,Which city is Evergreen Retreat located in?,"Vancouver Island, Canada"
74,What is the main attraction of Evergreen Retreat?,"Evergreen Retreat provided a serene and rejuvenating experience on Vancouver Island. The retreat's secluded location amidst towering trees and peaceful nature was a true escape from the hustle and bustle of everyday life. The cabins were cozy, well-equipped, and blended perfectly with the surroundings. The staff was friendly and made sure every aspect of my stay was taken care of. Exploring the nearby hiking trails and immersing myself in nature was a highlight of my visit. I highly recommend Evergreen Retreat for a tranquil nature retreat."
75,"Is the review of Royal Orchid Hotel in Bangkok, Thailand a true story?","My stay at Royal Orchid Hotel in Bangkok was absolutely fantastic. The hotel's central location made it convenient to explore the city's vibrant attractions. The rooms were spacious, clean, and offered all the necessary amenities for a comfortable stay. The staff was friendly, attentive, and provided excellent service. The hotel's rooftop restaurant offered delicious cuisine and stunning views of the city skyline. I would highly recommend Royal Orchid Hotel for a memorable stay in Bangkok."
76,Which city is Royal Orchid Hotel located in?,"Bangkok, Thailand"
77,What was the most memorable experience you had at Royal Orchid Hotel in Bangkok?,"My stay at Royal Orchid Hotel in Bangkok was absolutely fantastic. The hotel's central location made it convenient to explore the city's vibrant attractions. The rooms were spacious, clean, and offered all the necessary amenities for a comfortable stay. The staff was friendly, attentive, and provided excellent service. The hotel's rooftop restaurant offered delicious cuisine and stunning views of the city skyline. I would highly recommend Royal Orchid Hotel for a memorable stay in Bangkok."
78,"What is the review of Casa Bella Inn in Barcelona, Spain?","Casa Bella Inn provided a charming and authentic experience in Barcelona. The inn's traditional Spanish architecture and warm ambiance made me feel right at home. The rooms were cozy, tastefully decorated, and offered all the comforts needed for a pleasant stay. The staff was friendly, welcoming, and provided excellent recommendations for exploring the city's cultural gems. The inn's central location allowed me to easily explore Barcelona's vibrant neighborhoods and iconic landmarks. I would highly recommend Casa Bella Inn for a memorable stay in Barcelona."
79,What is the name of the city where Casa Bella Inn is located?,"Barcelona, Spain"
80,What are the key features of Casa Bella Inn that make it stand out from other accommodations in Barcelona?,"Casa Bella Inn provided a charming and authentic experience in Barcelona. The inn's traditional Spanish architecture and warm ambiance made me feel right at home. The rooms were cozy, tastefully decorated, and offered all the comforts needed for a pleasant stay. The staff was friendly, welcoming, and provided excellent recommendations for exploring the city's cultural gems. The inn's central location allowed me to easily explore Barcelona's vibrant neighborhoods and iconic landmarks. I would highly recommend Casa Bella Inn for a memorable stay in Barcelona."
81,"What is the review of Safari Adventure Lodge in Maasai Mara, Kenya?","My stay at Safari Adventure Lodge in Maasai Mara was an unforgettable experience. The lodge's location in the heart of the wildlife-rich savannah provided incredible opportunities for wildlife sightings. The rooms were comfortable, offering panoramic views of the surrounding wilderness. The staff was knowledgeable and went above and beyond to ensure a memorable safari experience. The lodge's guided game drives and bush walks allowed me to fully immerse myself in the beauty of Maasai Mara. I would highly recommend Safari Adventure Lodge for a remarkable African safari."
82,Which city is Safari Adventure Lodge located in?,"Maasai Mara, Kenya"
83,What was the most memorable experience you had at Safari Adventure Lodge in Maasai Mara?,"My stay at Safari Adventure Lodge in Maasai Mara was an unforgettable experience. The lodge's location in the heart of the wildlife-rich savannah provided incredible opportunities for wildlife sightings. The rooms were comfortable, offering panoramic views of the surrounding wilderness. The staff was knowledgeable and went above and beyond to ensure a memorable safari experience. The lodge's guided game drives and bush walks allowed me to fully immerse myself in the beauty of Maasai Mara. I would highly recommend Safari Adventure Lodge for a remarkable African safari."
84,"What is the purpose of the review of Cascade Mountain Resort in Banff, Canada?","Cascade Mountain Resort provided an exceptional mountain getaway in Banff. The resort's location amidst the picturesque Canadian Rockies was breathtaking. The rooms were spacious, beautifully decorated, and offered stunning views of the mountains. The staff was friendly and provided excellent recommendations for outdoor activities, such as hiking and skiing. After a day of adventure, relaxing by the cozy fireplace in the resort's lounge was pure bliss. I would highly recommend Cascade Mountain Resort for a memorable mountain retreat."
85,What is the name of the city Cascade Mountain Resort?,"Banff, Canada"
86,What is the most popular outdoor activity at Cascade Mountain Resort?,"Cascade Mountain Resort provided an exceptional mountain getaway in Banff. The resort's location amidst the picturesque Canadian Rockies was breathtaking. The rooms were spacious, beautifully decorated, and offered stunning views of the mountains. The staff was friendly and provided excellent recommendations for outdoor activities, such as hiking and skiing. After a day of adventure, relaxing by the cozy fireplace in the resort's lounge was pure bliss. I would highly recommend Cascade Mountain Resort for a memorable mountain retreat."
87,What is the purpose of the review of Paradise Cove Resort in Fiji?,"My stay at Paradise Cove Resort in Fiji was like a dream come true. The resort's idyllic beachfront location, with pristine white sand and turquoise waters, was truly paradise. The rooms were luxurious, offering breathtaking views of the ocean and direct access to the beach. The staff was warm and welcoming, making me feel like a valued guest. The resort's activities, including snorkeling and island tours, allowed me to fully experience the beauty of Fiji. I would highly recommend Paradise Cove Resort for an unforgettable tropical getaway."
88,What is the location of Paradise Cove Resort?,Fiji
89,What is the most memorable experience you had at Paradise Cove Resort in Fiji?,"My stay at Paradise Cove Resort in Fiji was like a dream come true. The resort's idyllic beachfront location, with pristine white sand and turquoise waters, was truly paradise. The rooms were luxurious, offering breathtaking views of the ocean and direct access to the beach. The staff was warm and welcoming, making me feel like a valued guest. The resort's activities, including snorkeling and island tours, allowed me to fully experience the beauty of Fiji. I would highly recommend Paradise Cove Resort for an unforgettable tropical getaway."
90,"Is the review of Urban Oasis Hotel in New Orleans, USA positive?","Urban Oasis Hotel provided a wonderful experience during my visit to New Orleans. The hotel's central location in the heart of the city allowed for easy exploration of its vibrant culture and rich history. The rooms were stylish, comfortable, and offered all the necessary amenities. The staff was friendly and provided excellent recommendations for local attractions and dining. The hotel's rooftop terrace provided a tranquil oasis amidst the bustling city. I would highly recommend Urban Oasis Hotel for a memorable stay in New Orleans."
91,Which city is Urban Oasis Hotel located in?,"New Orleans, USA"
92,What is the most unique feature of Urban Oasis Hotel?,"Urban Oasis Hotel provided a wonderful experience during my visit to New Orleans. The hotel's central location in the heart of the city allowed for easy exploration of its vibrant culture and rich history. The rooms were stylish, comfortable, and offered all the necessary amenities. The staff was friendly and provided excellent recommendations for local attractions and dining. The hotel's rooftop terrace provided a tranquil oasis amidst the bustling city. I would highly recommend Urban Oasis Hotel for a memorable stay in New Orleans."
93,"What was the overall experience of staying at Island Paradise Resort in Phuket, Thailand?","My stay at Island Paradise Resort in Phuket was absolutely incredible. The resort's tropical setting and stunning beachfront location offered a true slice of paradise. The rooms were spacious, beautifully decorated, and provided all the comforts needed for a luxurious stay. The staff was attentive, friendly, and made me feel like a VIP. The resort's infinity pool and spa were perfect for relaxation and rejuvenation. I would highly recommend Island Paradise Resort for a memorable beach getaway in Phuket."
94,Which city is Island Paradise Resort located in?,"Phuket, Thailand"
95,What was the most memorable experience you had at Island Paradise Resort in Phuket?,"My stay at Island Paradise Resort in Phuket was absolutely incredible. The resort's tropical setting and stunning beachfront location offered a true slice of paradise. The rooms were spacious, beautifully decorated, and provided all the comforts needed for a luxurious stay. The staff was attentive, friendly, and made me feel like a VIP. The resort's infinity pool and spa were perfect for relaxation and rejuvenation. I would highly recommend Island Paradise Resort for a memorable beach getaway in Phuket."
96,Is the Grand Plaza Hotel in Chicago a five-star hotel?,"Grand Plaza Hotel provided an exceptional experience during my visit to Chicago. The hotel's central location in the Magnificent Mile allowed for easy access to the city's top attractions and shopping. The rooms were elegant, spacious, and offered panoramic views of the city skyline. The staff was friendly, professional, and provided top-notch service. The hotel's rooftop bar provided a perfect spot to unwind and enjoy breathtaking views. I would highly recommend Grand Plaza Hotel for a memorable stay in Chicago."
97,What is the location of the Grand Plaza Hotel?,"Chicago, USA"
98,What is the most memorable experience you had at Grand Plaza Hotel during your visit to Chicago?,"Grand Plaza Hotel provided an exceptional experience during my visit to Chicago. The hotel's central location in the Magnificent Mile allowed for easy access to the city's top attractions and shopping. The rooms were elegant, spacious, and offered panoramic views of the city skyline. The staff was friendly, professional, and provided top-notch service. The hotel's rooftop bar provided a perfect spot to unwind and enjoy breathtaking views. I would highly recommend Grand Plaza Hotel for a memorable stay in Chicago."
99,"What is the review of Enchanted Garden Resort in Ubud, Bali?","My stay at Enchanted Garden Resort in Ubud was truly magical. The resort's lush tropical gardens and serene surroundings provided a peaceful escape from the outside world. The rooms were beautifully designed, offering a perfect blend of traditional Balinese aesthetics and modern comforts. The staff was friendly, attentive, and provided excellent service. The resort's spa treatments and yoga classes were incredibly rejuvenating. I would highly recommend Enchanted Garden Resort for a tranquil retreat in Ubud."
100,Which city is the Enchanted Garden Resort located in?,"Ubud, Bali"
101,What was your favorite experience at Enchanted Garden Resort in Ubud?,"My stay at Enchanted Garden Resort in Ubud was truly magical. The resort's lush tropical gardens and serene surroundings provided a peaceful escape from the outside world. The rooms were beautifully designed, offering a perfect blend of traditional Balinese aesthetics and modern comforts. The staff was friendly, attentive, and provided excellent service. The resort's spa treatments and yoga classes were incredibly rejuvenating. I would highly recommend Enchanted Garden Resort for a tranquil retreat in Ubud."
102,Is the Golden Gate Hotel in San Francisco a five-star hotel?,"Golden Gate Hotel provided a charming and memorable experience in San Francisco. The hotel's historic Victorian architecture and cozy ambiance transported me back in time. The rooms were tastefully decorated, offering a unique blend of vintage charm and modern comforts. The staff was welcoming, friendly, and provided excellent recommendations for exploring the city. The hotel's central location allowed for easy access to popular attractions such as the Golden Gate Park and Fisherman's Wharf. I would highly recommend Golden Gate Hotel for a delightful stay in San Francisco."
103,What is the location of the Golden Gate Hotel?,"San Francisco, USA"
104,What are the key attractions in Golden Gate Park and Fisherman's Wharf?,"Golden Gate Hotel provided a charming and memorable experience in San Francisco. The hotel's historic Victorian architecture and cozy ambiance transported me back in time. The rooms were tastefully decorated, offering a unique blend of vintage charm and modern comforts. The staff was welcoming, friendly, and provided excellent recommendations for exploring the city. The hotel's central location allowed for easy access to popular attractions such as the Golden Gate Park and Fisherman's Wharf. I would highly recommend Golden Gate Hotel for a delightful stay in San Francisco."
105,"What was the overall experience of staying at Tropical Paradise Resort in Cairns, Australia?","My stay at Tropical Paradise Resort in Cairns was absolutely fantastic. The resort's tropical setting amidst lush gardens and close proximity to the Great Barrier Reef was a dream come true. The rooms were spacious, clean, and offered all the necessary amenities for a comfortable stay. The staff was friendly, attentive, and provided excellent service. The resort's pool area was a perfect spot to relax and enjoy the sunshine. I would highly recommend Tropical Paradise Resort for an unforgettable stay in Cairns."
106,Which city is Tropical Paradise Resort located in?,"Cairns, Australia"
107,What was the most memorable experience you had at Tropical Paradise Resort in Cairns?,"My stay at Tropical Paradise Resort in Cairns was absolutely fantastic. The resort's tropical setting amidst lush gardens and close proximity to the Great Barrier Reef was a dream come true. The rooms were spacious, clean, and offered all the necessary amenities for a comfortable stay. The staff was friendly, attentive, and provided excellent service. The resort's pool area was a perfect spot to relax and enjoy the sunshine. I would highly recommend Tropical Paradise Resort for an unforgettable stay in Cairns."
108,"What was the review of Majestic Mountain Lodge in Aspen, USA?","Majestic Mountain Lodge provided an exceptional mountain retreat in Aspen. The lodge's location amidst the towering peaks and pristine nature was breathtaking. The rooms were cozy, beautifully decorated, and offered stunning views of the surrounding mountains. The staff was warm, attentive, and provided excellent recommendations for outdoor activities such as skiing and hiking. After a day of adventure, relaxing by the lodge's fireplace was pure bliss. I would highly recommend Majestic Mountain Lodge for a memorable stay in Aspen."
109,What is the location of Majestic Mountain Lodge?,"Aspen, USA"
110,What is the most popular outdoor activity in Aspen?,"Majestic Mountain Lodge provided an exceptional mountain retreat in Aspen. The lodge's location amidst the towering peaks and pristine nature was breathtaking. The rooms were cozy, beautifully decorated, and offered stunning views of the surrounding mountains. The staff was warm, attentive, and provided excellent recommendations for outdoor activities such as skiing and hiking. After a day of adventure, relaxing by the lodge's fireplace was pure bliss. I would highly recommend Majestic Mountain Lodge for a memorable stay in Aspen."
111,"What is the review of Azure Bay Resort in Santorini, Greece?","My stay at Azure Bay Resort in Santorini was absolutely breathtaking. The resort's cliffside location offered panoramic views of the Aegean Sea and the iconic Santorini sunsets. The rooms were elegant, beautifully designed, and provided all the comforts needed for a luxurious stay. The staff was attentive, friendly, and made me feel like a valued guest. The resort's infinity pool and spa were perfect for relaxation and indulgence. I would highly recommend Azure Bay Resort for an unforgettable stay in Santorini."
112, which city Azure Bay Resort is located in.,"Santorini, Greece"
113,What was the most memorable experience you had at Azure Bay Resort in Santorini?,"My stay at Azure Bay Resort in Santorini was absolutely breathtaking. The resort's cliffside location offered panoramic views of the Aegean Sea and the iconic Santorini sunsets. The rooms were elegant, beautifully designed, and provided all the comforts needed for a luxurious stay. The staff was attentive, friendly, and made me feel like a valued guest. The resort's infinity pool and spa were perfect for relaxation and indulgence. I would highly recommend Azure Bay Resort for an unforgettable stay in Santorini."
114,What is the review of Palm Paradise Hotel in Mauritius?,"My stay at Palm Paradise Hotel in Mauritius was a true tropical paradise. The hotel's beachfront location offered pristine white sand and turquoise waters, creating a picture-perfect setting. The rooms were spacious, clean, and offered beautiful views of the ocean. The staff was friendly, attentive, and provided excellent service. The hotel's water sports activities and beachfront dining options were a major highlight. I would highly recommend Palm Paradise Hotel for an idyllic island getaway."
115,Which city is Palm Paradise Hotel located in?,Mauritius
116,What are the hotel's water sports activities and beachfront dining options?,"My stay at Palm Paradise Hotel in Mauritius was a true tropical paradise. The hotel's beachfront location offered pristine white sand and turquoise waters, creating a picture-perfect setting. The rooms were spacious, clean, and offered beautiful views of the ocean. The staff was friendly, attentive, and provided excellent service. The hotel's water sports activities and beachfront dining options were a major highlight. I would highly recommend Palm Paradise Hotel for an idyllic island getaway."
117,"What were the key factors that contributed to the success of Tranquil Haven Resort in Koh Samui, Thailand?","Tranquil Haven Resort provided a peaceful and rejuvenating experience in Koh Samui. The resort's serene surroundings and lush tropical gardens created a tranquil ambiance. The rooms were spacious, beautifully decorated, and offered all the necessary amenities for a comfortable stay. The staff was attentive, friendly, and made me feel right at home. The resort's spa treatments and yoga classes were incredibly relaxing. I would highly recommend Tranquil Haven Resort for a rejuvenating retreat in Koh Samui."
118,Which city is Tranquil Haven Resort located in?,"Koh Samui, Thailand"
119,What are the key features of Tranquil Haven Resort that make it stand out from other resorts in Koh Samui?,"Tranquil Haven Resort provided a peaceful and rejuvenating experience in Koh Samui. The resort's serene surroundings and lush tropical gardens created a tranquil ambiance. The rooms were spacious, beautifully decorated, and offered all the necessary amenities for a comfortable stay. The staff was attentive, friendly, and made me feel right at home. The resort's spa treatments and yoga classes were incredibly relaxing. I would highly recommend Tranquil Haven Resort for a rejuvenating retreat in Koh Samui."
120,"What was the review of Mountain Vista Lodge in Queenstown, New Zealand?","My stay at Mountain Vista Lodge in Queenstown was absolutely breathtaking. The lodge's location amidst the stunning Southern Alps provided panoramic views of the surrounding mountains and Lake Wakatipu. The rooms were cozy, beautifully furnished, and offered all the comforts needed for a memorable stay. The staff was warm, attentive, and provided excellent recommendations for outdoor activities such as skiing and hiking. After a day of adventure, relaxing in the lodge's hot tub while gazing at the starry sky was pure bliss. I would highly recommend Mountain Vista Lodge for a remarkable stay in Queenstown."
121,What is the location of Mountain Vista Lodge?,"Queenstown, New Zealand"
122,What was the most memorable experience you had at Mountain Vista Lodge in Queenstown?,"My stay at Mountain Vista Lodge in Queenstown was absolutely breathtaking. The lodge's location amidst the stunning Southern Alps provided panoramic views of the surrounding mountains and Lake Wakatipu. The rooms were cozy, beautifully furnished, and offered all the comforts needed for a memorable stay. The staff was warm, attentive, and provided excellent recommendations for outdoor activities such as skiing and hiking. After a day of adventure, relaxing in the lodge's hot tub while gazing at the starry sky was pure bliss. I would highly recommend Mountain Vista Lodge for a remarkable stay in Queenstown."
123,"What is the purpose of the review of Royal Palm Resort in Boracay, Philippines?","My stay at Royal Palm Resort in Boracay was absolutely fantastic. The resort's pristine white sand beach and crystal-clear waters were truly paradise. The rooms were spacious, elegantly furnished, and offered breathtaking views of the ocean. The staff was friendly, attentive, and provided exceptional service. The resort's pool area and beachfront dining options were a major highlight. I would highly recommend Royal Palm Resort for an unforgettable beach getaway in Boracay."
124,Which city is Royal Palm Resort located in?,"Boracay, Philippines"
125,What was the most memorable experience you had at Royal Palm Resort in Boracay?,"My stay at Royal Palm Resort in Boracay was absolutely fantastic. The resort's pristine white sand beach and crystal-clear waters were truly paradise. The rooms were spacious, elegantly furnished, and offered breathtaking views of the ocean. The staff was friendly, attentive, and provided exceptional service. The resort's pool area and beachfront dining options were a major highlight. I would highly recommend Royal Palm Resort for an unforgettable beach getaway in Boracay."
126,Is there a review of Golden Horizon Hotel in Hawaii?,"Golden Horizon Hotel provided a perfect beachfront escape in Hawaii. The hotel's prime location right on the golden sandy beach was a dream come true. The rooms were spacious, clean, and offered beautiful views of the ocean. The staff was friendly, attentive, and went above and beyond to ensure a memorable stay. The hotel's beach amenities, including loungers and umbrellas, made it easy to relax and soak up the sun. I would highly recommend Golden Horizon Hotel for an unforgettable Hawaiian getaway."
127,What is the location of the Golden Horizon Hotel?,"Hawaii, USA"
128,What is the most popular beach activity at Golden Horizon Hotel?,"Golden Horizon Hotel provided a perfect beachfront escape in Hawaii. The hotel's prime location right on the golden sandy beach was a dream come true. The rooms were spacious, clean, and offered beautiful views of the ocean. The staff was friendly, attentive, and went above and beyond to ensure a memorable stay. The hotel's beach amenities, including loungers and umbrellas, made it easy to relax and soak up the sun. I would highly recommend Golden Horizon Hotel for an unforgettable Hawaiian getaway."
129,"What was the review of Tropical Retreat Resort in Cancun, Mexico?","My stay at Tropical Retreat Resort in Cancun was absolutely incredible. The resort's beachfront location and turquoise waters created a true tropical paradise. The rooms were spacious, beautifully decorated, and provided all the necessary amenities for a comfortable stay. The staff was friendly, attentive, and made me feel like a valued guest. The resort's pool area, complete with palm trees and swim-up bar, was perfect for relaxation and enjoyment. I would highly recommend Tropical Retreat Resort for a memorable beach vacation in Cancun."
130,Which city is Tropical Retreat Resort located in?,"Cancun, Mexico"
131,What is the most popular activity at Tropical Retreat Resort in Cancun?,"My stay at Tropical Retreat Resort in Cancun was absolutely incredible. The resort's beachfront location and turquoise waters created a true tropical paradise. The rooms were spacious, beautifully decorated, and provided all the necessary amenities for a comfortable stay. The staff was friendly, attentive, and made me feel like a valued guest. The resort's pool area, complete with palm trees and swim-up bar, was perfect for relaxation and enjoyment. I would highly recommend Tropical Retreat Resort for a memorable beach vacation in Cancun."
132,"What is the review of Mountain View Resort in Lake Tahoe, USA?","Mountain View Resort provided a spectacular mountain retreat in Lake Tahoe. The resort's location amidst the towering Sierra Nevada mountains and crystal-clear lake was breathtaking. The rooms were spacious, elegantly furnished, and offered stunning views of the surrounding nature. The staff was warm, attentive, and provided excellent recommendations for outdoor activities such as hiking and skiing. After a day of adventure, unwinding by the resort's fireplace was pure bliss. I would highly recommend Mountain View Resort for a memorable stay in Lake Tahoe."
133,What is the location of Mountain View Resort?,"Lake Tahoe, USA"
134,What is the most popular outdoor activity at Mountain View Resort?,"Mountain View Resort provided a spectacular mountain retreat in Lake Tahoe. The resort's location amidst the towering Sierra Nevada mountains and crystal-clear lake was breathtaking. The rooms were spacious, elegantly furnished, and offered stunning views of the surrounding nature. The staff was warm, attentive, and provided excellent recommendations for outdoor activities such as hiking and skiing. After a day of adventure, unwinding by the resort's fireplace was pure bliss. I would highly recommend Mountain View Resort for a memorable stay in Lake Tahoe."
135,"Is there a review of Coastal Haven Hotel in Gold Coast, Australia?","Coastal Haven Hotel provided a perfect beachfront getaway on the Gold Coast. The hotel's location right by the sandy beach and sparkling ocean was a dream come true. The rooms were spacious, clean, and offered beautiful views of the coastline. The staff was friendly, attentive, and provided exceptional service. The hotel's beach amenities, including sun loungers and umbrellas, made it easy to relax and enjoy the seaside. I would highly recommend Coastal Haven Hotel for an unforgettable beach vacation."
136,Which city is Coastal Haven Hotel located in?,"Gold Coast, Australia"
137,What are the hotel's beach amenities?,"Coastal Haven Hotel provided a perfect beachfront getaway on the Gold Coast. The hotel's location right by the sandy beach and sparkling ocean was a dream come true. The rooms were spacious, clean, and offered beautiful views of the coastline. The staff was friendly, attentive, and provided exceptional service. The hotel's beach amenities, including sun loungers and umbrellas, made it easy to relax and enjoy the seaside. I would highly recommend Coastal Haven Hotel for an unforgettable beach vacation."
138,"What was the review of Tropical Paradise Resort in Phuket, Thailand?","My stay at Tropical Paradise Resort in Phuket was absolutely amazing. The resort's lush tropical surroundings and prime beachfront location created a true paradise. The rooms were spacious, beautifully decorated, and provided all the comforts needed for a luxurious stay. The staff was attentive, friendly, and made me feel like a VIP. The resort's infinity pool and spa were perfect for relaxation and indulgence. I would highly recommend Tropical Paradise Resort for an unforgettable beach getaway in Phuket."
139,Which city is Tropical Paradise Resort located in?,"Phuket, Thailand"
140,What are the key features of Tropical Paradise Resort that make it stand out from other beach resorts in Phuket?,"My stay at Tropical Paradise Resort in Phuket was absolutely amazing. The resort's lush tropical surroundings and prime beachfront location created a true paradise. The rooms were spacious, beautifully decorated, and provided all the comforts needed for a luxurious stay. The staff was attentive, friendly, and made me feel like a VIP. The resort's infinity pool and spa were perfect for relaxation and indulgence. I would highly recommend Tropical Paradise Resort for an unforgettable beach getaway in Phuket."
141,"What is the purpose of the review of Harmony Retreat in Buenos Aires, Argentina?","Harmony Retreat provided a peaceful and rejuvenating experience in Buenos Aires. The retreat's serene surroundings and tranquil ambiance made it the perfect escape from the bustling city. The rooms were spacious, tastefully decorated, and offered all the necessary amenities. The staff was friendly, welcoming, and provided excellent recommendations for exploring the vibrant city. The retreat's yoga classes and spa treatments were incredibly rejuvenating. I would highly recommend Harmony Retreat for a calming retreat in Buenos Aires."
142,What is the name of the city Harmony Retreat is located in?,"Buenos Aires, Argentina"
143,What is the most popular activity at Harmony Retreat?,"Harmony Retreat provided a peaceful and rejuvenating experience in Buenos Aires. The retreat's serene surroundings and tranquil ambiance made it the perfect escape from the bustling city. The rooms were spacious, tastefully decorated, and offered all the necessary amenities. The staff was friendly, welcoming, and provided excellent recommendations for exploring the vibrant city. The retreat's yoga classes and spa treatments were incredibly rejuvenating. I would highly recommend Harmony Retreat for a calming retreat in Buenos Aires."
144,"Is there a review of Enchanted Forest Lodge in Vancouver, Canada?","Enchanted Forest Lodge offered a truly enchanting experience in Vancouver. The lodge's location amidst a lush forest and tranquil nature was breathtaking. The rooms were cozy, beautifully designed, and offered all the comforts needed for a memorable stay. The staff was warm, attentive, and provided exceptional service. Exploring the nearby hiking trails and immersing myself in nature was a highlight of my visit. I would highly recommend Enchanted Forest Lodge for a peaceful retreat in Vancouver."
145,Which city is the Enchanted Forest Lodge located in?,"Vancouver, Canada"
146,What are the key features of Enchanted Forest Lodge that make it stand out from other accommodations in Vancouver?,"Enchanted Forest Lodge offered a truly enchanting experience in Vancouver. The lodge's location amidst a lush forest and tranquil nature was breathtaking. The rooms were cozy, beautifully designed, and offered all the comforts needed for a memorable stay. The staff was warm, attentive, and provided exceptional service. Exploring the nearby hiking trails and immersing myself in nature was a highlight of my visit. I would highly recommend Enchanted Forest Lodge for a peaceful retreat in Vancouver."
147,What is the review of Paradise Cove Resort in Maldives?,"My stay at Paradise Cove Resort in the Maldives was like a dream come true. The resort's idyllic beachfront location, with pristine white sand and crystal-clear waters, was pure paradise. The rooms were luxurious, offering stunning views of the ocean and direct access to the coral reefs. The staff was friendly, attentive, and provided exceptional service throughout my stay. The resort's dining options, spa treatments, and water sports activities were outstanding. I would highly recommend Paradise Cove Resort for an unforgettable tropical getaway."
148,What is the location of Paradise Cove Resort?,Maldives
149,What are the key attractions of Paradise Cove Resort?,"My stay at Paradise Cove Resort in the Maldives was like a dream come true. The resort's idyllic beachfront location, with pristine white sand and crystal-clear waters, was pure paradise. The rooms were luxurious, offering stunning views of the ocean and direct access to the coral reefs. The staff was friendly, attentive, and provided exceptional service throughout my stay. The resort's dining options, spa treatments, and water sports activities were outstanding. I would highly recommend Paradise Cove Resort for an unforgettable tropical getaway."
150,"What is the review of Harbor View Hotel in Cape Town, South Africa?","Harbor View Hotel provided a truly memorable experience in Cape Town. The hotel's location right on the harbor offered breathtaking views of the waterfront and Table Mountain. The rooms were elegant, spacious, and offered all the comforts needed for a luxurious stay. The staff was friendly, attentive, and provided excellent service throughout my stay. The hotel's rooftop restaurant served delicious cuisine, accompanied by panoramic views. I would highly recommend Harbor View Hotel for a memorable stay in Cape Town."
151,What is the location of the Harbor View Hotel?,"Cape Town, South Africa"
152,What is the most memorable experience you had at Harbor View Hotel in Cape Town?,"Harbor View Hotel provided a truly memorable experience in Cape Town. The hotel's location right on the harbor offered breathtaking views of the waterfront and Table Mountain. The rooms were elegant, spacious, and offered all the comforts needed for a luxurious stay. The staff was friendly, attentive, and provided excellent service throughout my stay. The hotel's rooftop restaurant served delicious cuisine, accompanied by panoramic views. I would highly recommend Harbor View Hotel for a memorable stay in Cape Town."
153,"Is there a review of Mystic Valley Resort in Kyoto, Japan?","My stay at Mystic Valley Resort in Kyoto was truly enchanting. The resort's serene surroundings and traditional Japanese aesthetics created a tranquil ambiance. The rooms were beautifully designed, offering a perfect blend of comfort and Japanese elegance. The staff was attentive, friendly, and made me feel right at home. The resort's traditional tea ceremonies and onsen baths were incredibly relaxing. I would highly recommend Mystic Valley Resort for an authentic Japanese experience in Kyoto."
154,What is the location of Mystic Valley Resort?,"Kyoto, Japan"
155,What was your favorite aspect of your stay at Mystic Valley Resort in Kyoto?,"My stay at Mystic Valley Resort in Kyoto was truly enchanting. The resort's serene surroundings and traditional Japanese aesthetics created a tranquil ambiance. The rooms were beautifully designed, offering a perfect blend of comfort and Japanese elegance. The staff was attentive, friendly, and made me feel right at home. The resort's traditional tea ceremonies and onsen baths were incredibly relaxing. I would highly recommend Mystic Valley Resort for an authentic Japanese experience in Kyoto."
156,"Is there a review of Golden Sands Hotel in Miami, USA?","Golden Sands Hotel provided a fantastic experience during my visit to Miami. The hotel's prime beachfront location offered stunning views of the Atlantic Ocean. The rooms were spacious, clean, and well-appointed, providing all the necessary amenities. The staff was friendly, attentive, and provided exceptional service. The hotel's pool area and beachfront dining options were perfect for relaxation and enjoyment. I would highly recommend Golden Sands Hotel for a memorable stay in Miami."
157,What is the location of the Golden Sands Hotel?,"Miami, USA"
158,What are the hotel's amenities and services that made my stay at Golden Sands Hotel enjoyable?,"Golden Sands Hotel provided a fantastic experience during my visit to Miami. The hotel's prime beachfront location offered stunning views of the Atlantic Ocean. The rooms were spacious, clean, and well-appointed, providing all the necessary amenities. The staff was friendly, attentive, and provided exceptional service. The hotel's pool area and beachfront dining options were perfect for relaxation and enjoyment. I would highly recommend Golden Sands Hotel for a memorable stay in Miami."
159,"Is there a review of Cherry Blossom Inn in Tokyo, Japan?","My stay at Cherry Blossom Inn in Tokyo was absolutely wonderful. The inn's traditional Japanese architecture and tranquil ambiance made me feel like I had stepped into a different era. The rooms were beautifully decorated, featuring tatami floors and sliding doors. The staff was friendly, attentive, and made me feel like a valued guest. The inn's central location allowed for easy exploration of Tokyo's vibrant neighborhoods and iconic landmarks. I would highly recommend Cherry Blossom Inn for an authentic Japanese experience in Tokyo."
160,What is the location of Cherry Blossom Inn?,"Tokyo, Japan"
161,What was the most memorable aspect of your stay at Cherry Blossom Inn in Tokyo?,"My stay at Cherry Blossom Inn in Tokyo was absolutely wonderful. The inn's traditional Japanese architecture and tranquil ambiance made me feel like I had stepped into a different era. The rooms were beautifully decorated, featuring tatami floors and sliding doors. The staff was friendly, attentive, and made me feel like a valued guest. The inn's central location allowed for easy exploration of Tokyo's vibrant neighborhoods and iconic landmarks. I would highly recommend Cherry Blossom Inn for an authentic Japanese experience in Tokyo."
162,"Is the review of Royal Mirage Palace in Marrakech, Morocco, positive?","Staying at the Royal Mirage Palace was a truly magical experience. The hotel's opulent Moroccan architecture and luxurious amenities were awe-inspiring. The rooms were beautifully appointed, offering a perfect blend of comfort and elegance. The staff was warm, attentive, and provided exceptional service. The hotel's spa treatments and traditional Moroccan cuisine were outstanding. The hotel's location within the vibrant city of Marrakech allowed for easy exploration of its rich cultural heritage. I would highly recommend Royal Mirage Palace for an unforgettable Moroccan experience."
163,Which city is the Royal Mirage Palace located in?,"Marrakech, Morocco"
164,What is the most unique feature of Royal Mirage Palace?,"Staying at the Royal Mirage Palace was a truly magical experience. The hotel's opulent Moroccan architecture and luxurious amenities were awe-inspiring. The rooms were beautifully appointed, offering a perfect blend of comfort and elegance. The staff was warm, attentive, and provided exceptional service. The hotel's spa treatments and traditional Moroccan cuisine were outstanding. The hotel's location within the vibrant city of Marrakech allowed for easy exploration of its rich cultural heritage. I would highly recommend Royal Mirage Palace for an unforgettable Moroccan experience."
165,"What was the review of Pacific Shores Resort in Honolulu, Hawaii, USA?","My stay at Pacific Shores Resort in Honolulu was absolutely magical. The resort's stunning beachfront location offered breathtaking views of the Pacific Ocean. The rooms were spacious, elegantly furnished, and offered all the comforts needed for a luxurious stay. The staff was friendly, attentive, and provided exceptional service. The resort's amenities, including the pool, spa, and beachfront dining options, were outstanding. I would highly recommend Pacific Shores Resort for an unforgettable Hawaiian getaway."
166,What is the name of the city Pacific Shores Resort is located in?,"Honolulu, Hawaii, USA"
167,What are the standout features of Pacific Shores Resort that make it stand out from other Hawaiian resorts?,"My stay at Pacific Shores Resort in Honolulu was absolutely magical. The resort's stunning beachfront location offered breathtaking views of the Pacific Ocean. The rooms were spacious, elegantly furnished, and offered all the comforts needed for a luxurious stay. The staff was friendly, attentive, and provided exceptional service. The resort's amenities, including the pool, spa, and beachfront dining options, were outstanding. I would highly recommend Pacific Shores Resort for an unforgettable Hawaiian getaway."
168,"What was the review of Alpine Retreat Hotel in Zermatt, Switzerland?","Alpine Retreat Hotel provided a truly enchanting experience in Zermatt. The hotel's charming chalet-style architecture and picturesque mountain views were breathtaking. The rooms were cozy, elegantly furnished, and offered all the comforts needed for a memorable stay. The staff was warm, attentive, and made me feel right at home. The hotel's spa facilities and traditional Swiss cuisine were outstanding. I would highly recommend Alpine Retreat Hotel for a memorable stay in Zermatt."
169,Which city Alpine Retreat Hotel is located in?,"Zermatt, Switzerland"
170,What is the most memorable experience you had at Alpine Retreat Hotel in Zermatt?,"Alpine Retreat Hotel provided a truly enchanting experience in Zermatt. The hotel's charming chalet-style architecture and picturesque mountain views were breathtaking. The rooms were cozy, elegantly furnished, and offered all the comforts needed for a memorable stay. The staff was warm, attentive, and made me feel right at home. The hotel's spa facilities and traditional Swiss cuisine were outstanding. I would highly recommend Alpine Retreat Hotel for a memorable stay in Zermatt."
171,"Did the review of Ocean Breeze Resort in Sydney, Australia, receive positive feedback?","My stay at Ocean Breeze Resort in Sydney was absolutely fantastic. The resort's beachfront location offered stunning views of the ocean and a tranquil atmosphere. The rooms were spacious, clean, and beautifully designed, providing all the comforts needed for a luxurious stay. The staff was friendly, attentive, and provided exceptional service. The resort's pool area, spa, and beachfront dining options were outstanding. I would highly recommend Ocean Breeze Resort for an unforgettable beach getaway in Sydney."
172,Which city is Ocean Breeze Resort located in?,"Sydney, Australia"
173,What are the standout features of the Ocean Breeze Resort in Sydney?,"My stay at Ocean Breeze Resort in Sydney was absolutely fantastic. The resort's beachfront location offered stunning views of the ocean and a tranquil atmosphere. The rooms were spacious, clean, and beautifully designed, providing all the comforts needed for a luxurious stay. The staff was friendly, attentive, and provided exceptional service. The resort's pool area, spa, and beachfront dining options were outstanding. I would highly recommend Ocean Breeze Resort for an unforgettable beach getaway in Sydney."
174,"What was the review of Majestic Plaza Hotel in Rome, Italy?","Majestic Plaza Hotel provided a truly luxurious experience in Rome. The hotel's grand architecture and elegant interiors were breathtaking. The rooms were spacious, beautifully furnished, and offered all the comforts needed for a luxurious stay. The staff was attentive, professional, and provided exceptional service. The hotel's central location allowed for easy exploration of Rome's historic sites and cultural landmarks. I would highly recommend Majestic Plaza Hotel for a memorable stay in Rome."
175,Which city is Majestic Plaza Hotel located in?,"Rome, Italy"
176,What are the key features of Majestic Plaza Hotel that make it stand out from other hotels in Rome?,"Majestic Plaza Hotel provided a truly luxurious experience in Rome. The hotel's grand architecture and elegant interiors were breathtaking. The rooms were spacious, beautifully furnished, and offered all the comforts needed for a luxurious stay. The staff was attentive, professional, and provided exceptional service. The hotel's central location allowed for easy exploration of Rome's historic sites and cultural landmarks. I would highly recommend Majestic Plaza Hotel for a memorable stay in Rome."
177,Is there a review of Emerald Sands Resort in Dubai?,"My stay at Emerald Sands Resort in Dubai was nothing short of extraordinary. The resort's luxurious amenities and breathtaking views of the Arabian Gulf were awe-inspiring. The rooms were spacious, elegantly furnished, and offered all the comforts needed for a lavish stay. The staff was friendly, attentive, and provided exceptional service. The resort's private beach, pool area, and world-class dining options were outstanding. I would highly recommend Emerald Sands Resort for a luxurious stay in Dubai."
178,Emerald Sands Resort is located in the city of Emerald Sands.,"Dubai, United Arab Emirates"
179,What are the standout features of Emerald Sands Resort in Dubai?,"My stay at Emerald Sands Resort in Dubai was nothing short of extraordinary. The resort's luxurious amenities and breathtaking views of the Arabian Gulf were awe-inspiring. The rooms were spacious, elegantly furnished, and offered all the comforts needed for a lavish stay. The staff was friendly, attentive, and provided exceptional service. The resort's private beach, pool area, and world-class dining options were outstanding. I would highly recommend Emerald Sands Resort for a luxurious stay in Dubai."
180,Is there a Golden Valley Inn in Napa Valley?,"My visit to the Golden Valley Inn in Napa Valley was absolutely delightful. The inn's picturesque location amidst vineyards and rolling hills created a serene ambiance. The rooms were cozy, beautifully decorated, and offered all the comforts needed for a pleasant stay. The staff was friendly, welcoming, and provided exceptional service. The inn's breakfast, featuring fresh local produce, was a delicious way to start the day. I would highly recommend the Golden Valley Inn for a memorable wine country getaway."
181,What is the location of Golden Valley Inn?,"Napa Valley, USA"
182,What is the most memorable experience you had at the Golden Valley Inn in Napa Valley?,"My visit to the Golden Valley Inn in Napa Valley was absolutely delightful. The inn's picturesque location amidst vineyards and rolling hills created a serene ambiance. The rooms were cozy, beautifully decorated, and offered all the comforts needed for a pleasant stay. The staff was friendly, welcoming, and provided exceptional service. The inn's breakfast, featuring fresh local produce, was a delicious way to start the day. I would highly recommend the Golden Valley Inn for a memorable wine country getaway."
183,What is the purpose of the review of Royal Palm Resort in Mauritius?,"Royal Palm Resort provided an exceptional stay in Mauritius. The resort's prime beachfront location and lush tropical surroundings created a true paradise. The rooms were spacious, elegantly furnished, and offered stunning views of the ocean. The staff was friendly, attentive, and provided exceptional service. The resort's amenities, including the pool, spa, and beachfront dining options, were outstanding. I would highly recommend Royal Palm Resort for an unforgettable tropical getaway in Mauritius."
184,Which city is Royal Palm Resort located in?,Mauritius
185,What are the resort's amenities?,"Royal Palm Resort provided an exceptional stay in Mauritius. The resort's prime beachfront location and lush tropical surroundings created a true paradise. The rooms were spacious, elegantly furnished, and offered stunning views of the ocean. The staff was friendly, attentive, and provided exceptional service. The resort's amenities, including the pool, spa, and beachfront dining options, were outstanding. I would highly recommend Royal Palm Resort for an unforgettable tropical getaway in Mauritius."
186,"What were the key factors that contributed to the success of Tranquil Haven Resort in Koh Samui, Thailand?","Tranquil Haven Resort provided a peaceful and rejuvenating experience in Koh Samui. The resort's serene surroundings and lush tropical gardens created a tranquil ambiance. The rooms were spacious, beautifully decorated, and offered all the comforts needed for a pleasant stay. The staff was attentive, friendly, and provided exceptional service. The resort's spa treatments and yoga classes were outstanding. I would highly recommend Tranquil Haven Resort for a relaxing retreat in Koh Samui."
187,Which city is Tranquil Haven Resort located in?,"Koh Samui, Thailand"
188,What are the key features of Tranquil Haven Resort that make it stand out from other resorts in Koh Samui?,"Tranquil Haven Resort provided a peaceful and rejuvenating experience in Koh Samui. The resort's serene surroundings and lush tropical gardens created a tranquil ambiance. The rooms were spacious, beautifully decorated, and offered all the comforts needed for a pleasant stay. The staff was attentive, friendly, and provided exceptional service. The resort's spa treatments and yoga classes were outstanding. I would highly recommend Tranquil Haven Resort for a relaxing retreat in Koh Samui."
189,"What was the review of Mountain Vista Lodge in Queenstown, New Zealand?","My stay at Mountain Vista Lodge in Queenstown was absolutely breathtaking. The lodge's location amidst the majestic mountains and stunning natural beauty was awe-inspiring. The rooms were cozy, beautifully furnished, and offered breathtaking views of the surrounding landscape. The staff was friendly, attentive, and provided exceptional service. The lodge's amenities, including the fireplace and hot tub, added to the overall experience. I would highly recommend Mountain Vista Lodge for a remarkable stay in Queenstown."
190,What is the location of Mountain Vista Lodge?,"Queenstown, New Zealand"
191,What was the most memorable experience you had at Mountain Vista Lodge in Queenstown?,"My stay at Mountain Vista Lodge in Queenstown was absolutely breathtaking. The lodge's location amidst the majestic mountains and stunning natural beauty was awe-inspiring. The rooms were cozy, beautifully furnished, and offered breathtaking views of the surrounding landscape. The staff was friendly, attentive, and provided exceptional service. The lodge's amenities, including the fireplace and hot tub, added to the overall experience. I would highly recommend Mountain Vista Lodge for a remarkable stay in Queenstown."
192,"Is there a review of Coastal Haven Hotel in Gold Coast, Australia?","Coastal Haven Hotel provided a fantastic beachfront getaway on the Gold Coast. The hotel's prime location right on the sandy beach and close proximity to the ocean was ideal. The rooms were spacious, clean, and offered beautiful views of the coastline. The staff was friendly, attentive, and provided exceptional service. The hotel's beach amenities, including loungers and umbrellas, made it easy to relax and enjoy the seaside. I would highly recommend Coastal Haven Hotel for an unforgettable beach vacation."
193,Which city is Coastal Haven Hotel located in?,"Gold Coast, Australia"
194,What are the hotel's amenities and services that make it a great beach destination?,"Coastal Haven Hotel provided a fantastic beachfront getaway on the Gold Coast. The hotel's prime location right on the sandy beach and close proximity to the ocean was ideal. The rooms were spacious, clean, and offered beautiful views of the coastline. The staff was friendly, attentive, and provided exceptional service. The hotel's beach amenities, including loungers and umbrellas, made it easy to relax and enjoy the seaside. I would highly recommend Coastal Haven Hotel for an unforgettable beach vacation."
195,"What was the review of Pacific Shores Resort in Honolulu, Hawaii, USA?","My stay at Pacific Shores Resort was absolutely incredible. The resort's beachfront location provided breathtaking views of the ocean. The rooms were spacious, clean, and beautifully decorated. The staff was friendly and attentive, ensuring a memorable experience. The resort's amenities, including the pool and spa, were outstanding. I would highly recommend Pacific Shores Resort for a luxurious beach getaway."
196,What is the name of the city Pacific Shores Resort is located in?,"Honolulu, Hawaii, USA"
197,What was the most memorable experience you had at Pacific Shores Resort?,"My stay at Pacific Shores Resort was absolutely incredible. The resort's beachfront location provided breathtaking views of the ocean. The rooms were spacious, clean, and beautifully decorated. The staff was friendly and attentive, ensuring a memorable experience. The resort's amenities, including the pool and spa, were outstanding. I would highly recommend Pacific Shores Resort for a luxurious beach getaway."
198,"What was the review of Pacific Shores Resort in Honolulu, Hawaii, USA?","I had high expectations for Pacific Shores Resort, but unfortunately, it fell short. The rooms were outdated and in need of renovation. The staff seemed disinterested and unhelpful. The resort's amenities were subpar compared to other options in the area. I was disappointed with my stay and would not recommend this resort."
199,What is the name of the city Pacific Shores Resort is located in?,"Honolulu, Hawaii, USA"
200,What are the main reasons for the poor reviews of Pacific Shores Resort?,"I had high expectations for Pacific Shores Resort, but unfortunately, it fell short. The rooms were outdated and in need of renovation. The staff seemed disinterested and unhelpful. The resort's amenities were subpar compared to other options in the area. I was disappointed with my stay and would not recommend this resort."
201,"What is the purpose of the review of Harmony Retreat in Buenos Aires, Argentina?","Harmony Retreat exceeded my expectations in every way. The serene surroundings and peaceful ambiance provided the perfect escape from the city. The rooms were beautifully designed and offered all the comforts of home. The staff was friendly, attentive, and made me feel truly welcome. The retreat's spa treatments were exceptional, leaving me feeling rejuvenated. I would highly recommend Harmony Retreat for a calming and rejuvenating experience."
202,What is the name of the city Harmony Retreat is located in?,"Buenos Aires, Argentina"
203,What is the most popular spa treatment offered at Harmony Retreat?,"Harmony Retreat exceeded my expectations in every way. The serene surroundings and peaceful ambiance provided the perfect escape from the city. The rooms were beautifully designed and offered all the comforts of home. The staff was friendly, attentive, and made me feel truly welcome. The retreat's spa treatments were exceptional, leaving me feeling rejuvenated. I would highly recommend Harmony Retreat for a calming and rejuvenating experience."
204,"What is the purpose of the review of Harmony Retreat in Buenos Aires, Argentina?","I had a disappointing experience at Harmony Retreat. The rooms were small and poorly maintained. The staff was unprofessional and inattentive to guests' needs. The spa treatments were subpar, and the overall ambiance was lacking. I would not recommend Harmony Retreat."
205,What is the name of the city Harmony Retreat is located in?,"Buenos Aires, Argentina"
206,What could Harmony Retreat do to improve its services and guest experience?,"I had a disappointing experience at Harmony Retreat. The rooms were small and poorly maintained. The staff was unprofessional and inattentive to guests' needs. The spa treatments were subpar, and the overall ambiance was lacking. I would not recommend Harmony Retreat."
207,"Is there a review of Enchanted Forest Lodge in Vancouver, Canada?","Enchanted Forest Lodge provided a truly enchanting stay. The lodge's location amidst nature was breathtaking. The rooms were cozy, beautifully decorated, and offered stunning views. The staff was friendly, welcoming, and provided excellent service. The lodge's proximity to outdoor activities was a major plus. I would highly recommend Enchanted Forest Lodge for a serene nature retreat."
208,Which city is the Enchanted Forest Lodge located in?,"Vancouver, Canada"
209,What are the key features of Enchanted Forest Lodge that make it a popular choice for nature retreats?,"Enchanted Forest Lodge provided a truly enchanting stay. The lodge's location amidst nature was breathtaking. The rooms were cozy, beautifully decorated, and offered stunning views. The staff was friendly, welcoming, and provided excellent service. The lodge's proximity to outdoor activities was a major plus. I would highly recommend Enchanted Forest Lodge for a serene nature retreat."
210,"Is there a review of Enchanted Forest Lodge in Vancouver, Canada?","I had a disappointing experience at Enchanted Forest Lodge. The rooms were cramped and lacked basic amenities. The staff seemed indifferent and unhelpful. The lodge's location, although surrounded by nature, was inconvenient for accessing other attractions. I would not recommend Enchanted Forest Lodge."
211,Which city is the Enchanted Forest Lodge located in?,"Vancouver, Canada"
212,What are the main reasons for the disappointing experience at Enchanted Forest Lodge?,"I had a disappointing experience at Enchanted Forest Lodge. The rooms were cramped and lacked basic amenities. The staff seemed indifferent and unhelpful. The lodge's location, although surrounded by nature, was inconvenient for accessing other attractions. I would not recommend Enchanted Forest Lodge."
213,What is the review of Paradise Bay Resort in Maldives?,"My stay at Paradise Bay Resort was nothing short of paradise. The resort's stunning beaches, crystal-clear waters, and luxurious overwater bungalows were incredible. The staff was attentive, friendly, and provided exceptional service. The resort's dining options were fantastic, and the spa treatments were incredibly relaxing. I would highly recommend Paradise Bay Resort for a tropical getaway."
214,What is the location of Paradise Bay Resort?,Maldives
215,What was the most memorable experience you had at Paradise Bay Resort?,"My stay at Paradise Bay Resort was nothing short of paradise. The resort's stunning beaches, crystal-clear waters, and luxurious overwater bungalows were incredible. The staff was attentive, friendly, and provided exceptional service. The resort's dining options were fantastic, and the spa treatments were incredibly relaxing. I would highly recommend Paradise Bay Resort for a tropical getaway."
216,What is the review of Paradise Bay Resort in Maldives?,"Paradise Bay Resort did not meet my expectations. The overwater bungalow I stayed in had maintenance issues, and the staff was slow to address them. The dining options were limited and overpriced. The resort's beach was overcrowded, making it difficult to find a spot to relax. I would not recommend Paradise Bay Resort."
217,What is the location of Paradise Bay Resort?,Maldives
218,What are the resort's amenities and services that are lacking?,"Paradise Bay Resort did not meet my expectations. The overwater bungalow I stayed in had maintenance issues, and the staff was slow to address them. The dining options were limited and overpriced. The resort's beach was overcrowded, making it difficult to find a spot to relax. I would not recommend Paradise Bay Resort."
219,"Is there a review of Golden Sands Hotel in Miami, USA?","Golden Sands Hotel provided a fantastic experience in Miami. The beachfront location was perfect, and the views were stunning. The rooms were spacious, clean, and well-appointed. The staff was friendly, attentive, and provided exceptional service. The hotel's amenities, including the pool and beach access, were excellent. I would highly recommend Golden Sands Hotel for a memorable stay in Miami."
220,What is the location of the Golden Sands Hotel?,"Miami, USA"
221,What are the hotel's amenities?,"Golden Sands Hotel provided a fantastic experience in Miami. The beachfront location was perfect, and the views were stunning. The rooms were spacious, clean, and well-appointed. The staff was friendly, attentive, and provided exceptional service. The hotel's amenities, including the pool and beach access, were excellent. I would highly recommend Golden Sands Hotel for a memorable stay in Miami."
222,"Is there a review of Golden Sands Hotel in Miami, USA?","I was disappointed with my stay at Golden Sands Hotel. The room I was assigned had a musty odor and outdated furnishings. The staff seemed overwhelmed and unable to provide satisfactory service. The hotel's amenities were lackluster, and the beach access was overcrowded. I would not recommend Golden Sands Hotel."
223,What is the location of the Golden Sands Hotel?,"Miami, USA"
224,What could be done to improve the overall experience at Golden Sands Hotel?,"I was disappointed with my stay at Golden Sands Hotel. The room I was assigned had a musty odor and outdated furnishings. The staff seemed overwhelmed and unable to provide satisfactory service. The hotel's amenities were lackluster, and the beach access was overcrowded. I would not recommend Golden Sands Hotel."
225,"Is there a review of Cherry Blossom Inn in Tokyo, Japan?","Cherry Blossom Inn provided a delightful stay in Tokyo. The inn's traditional Japanese design and serene atmosphere created a peaceful ambiance. The rooms were comfortable, clean, and tastefully decorated. The staff was friendly, accommodating, and provided helpful recommendations. The inn's location allowed for easy exploration of Tokyo's cultural sites. I would highly recommend Cherry Blossom Inn for an authentic Japanese experience."
226,What is the location of Cherry Blossom Inn?,"Tokyo, Japan"
227,What is the most memorable aspect of your stay at Cherry Blossom Inn?,"Cherry Blossom Inn provided a delightful stay in Tokyo. The inn's traditional Japanese design and serene atmosphere created a peaceful ambiance. The rooms were comfortable, clean, and tastefully decorated. The staff was friendly, accommodating, and provided helpful recommendations. The inn's location allowed for easy exploration of Tokyo's cultural sites. I would highly recommend Cherry Blossom Inn for an authentic Japanese experience."
228,"Is there a review of Cherry Blossom Inn in Tokyo, Japan?","Unfortunately, my experience at Cherry Blossom Inn was disappointing. The rooms were small and lacked proper ventilation. The staff seemed disorganized and unresponsive to guests' needs. The inn's location was inconvenient, requiring long commutes to popular attractions. I would not recommend Cherry Blossom Inn."
229,What is the location of Cherry Blossom Inn?,"Tokyo, Japan"
230,What are the main drawbacks of Cherry Blossom Inn?,"Unfortunately, my experience at Cherry Blossom Inn was disappointing. The rooms were small and lacked proper ventilation. The staff seemed disorganized and unresponsive to guests' needs. The inn's location was inconvenient, requiring long commutes to popular attractions. I would not recommend Cherry Blossom Inn."
231,"Is the review of Royal Mirage Palace in Marrakech, Morocco, positive?","Staying at the Royal Mirage Palace was an unforgettable experience. The palace's grand architecture, opulent interiors, and impeccable service were beyond compare. The rooms were luxurious, spacious, and beautifully furnished. The staff went above and beyond to ensure a memorable stay. The palace's spa treatments and dining options were outstanding. I would highly recommend the Royal Mirage Palace for a lavish and indulgent stay in Marrakech."
232,Which city is the Royal Mirage Palace located in?,"Marrakech, Morocco"
233,What is the Royal Mirage Palace's spa treatment like?,"Staying at the Royal Mirage Palace was an unforgettable experience. The palace's grand architecture, opulent interiors, and impeccable service were beyond compare. The rooms were luxurious, spacious, and beautifully furnished. The staff went above and beyond to ensure a memorable stay. The palace's spa treatments and dining options were outstanding. I would highly recommend the Royal Mirage Palace for a lavish and indulgent stay in Marrakech."
234,"Is the review of Royal Mirage Palace in Marrakech, Morocco, positive?","My expectations were high for the Royal Mirage Palace, but unfortunately, it fell short. The palace's grandeur was overshadowed by subpar service and maintenance issues. The rooms were not properly cleaned, and the staff seemed indifferent to guests' concerns. The dining options were overpriced and underwhelming. I would not recommend the Royal Mirage Palace."
235,Which city is the Royal Mirage Palace located in?,"Marrakech, Morocco"
236,What were the main issues with the Royal Mirage Palace that disappointed the reviewer?,"My expectations were high for the Royal Mirage Palace, but unfortunately, it fell short. The palace's grandeur was overshadowed by subpar service and maintenance issues. The rooms were not properly cleaned, and the staff seemed indifferent to guests' concerns. The dining options were overpriced and underwhelming. I would not recommend the Royal Mirage Palace."
237,"What is the purpose of the review of Cascade Mountain Resort in Banff, Canada?","Cascade Mountain Resort provided a fantastic mountain getaway in Banff. The resort's location amidst the stunning Canadian Rockies was breathtaking. The rooms were spacious, clean, and offered picturesque views of the mountains. The staff was friendly, attentive, and provided excellent recommendations for outdoor activities. The resort's amenities, including the pool and fireplace lounge, added to the overall experience. I would highly recommend Cascade Mountain Resort for a memorable stay in Banff."
238,What is the name of the city Cascade Mountain Resort?,"Banff, Canada"
239,What are the key amenities provided by Cascade Mountain Resort?,"Cascade Mountain Resort provided a fantastic mountain getaway in Banff. The resort's location amidst the stunning Canadian Rockies was breathtaking. The rooms were spacious, clean, and offered picturesque views of the mountains. The staff was friendly, attentive, and provided excellent recommendations for outdoor activities. The resort's amenities, including the pool and fireplace lounge, added to the overall experience. I would highly recommend Cascade Mountain Resort for a memorable stay in Banff."
240,"What is the purpose of the review of Cascade Mountain Resort in Banff, Canada?","I had a disappointing experience at Cascade Mountain Resort. The rooms were outdated and in need of renovation. The staff seemed overwhelmed and unable to provide satisfactory service. The resort's amenities were lacking, and the overall atmosphere was underwhelming. I would not recommend Cascade Mountain Resort."
241,What is the name of the city Cascade Mountain Resort?,"Banff, Canada"
242,What are the resort's amenities and how do they compare to other resorts in the area?,"I had a disappointing experience at Cascade Mountain Resort. The rooms were outdated and in need of renovation. The staff seemed overwhelmed and unable to provide satisfactory service. The resort's amenities were lacking, and the overall atmosphere was underwhelming. I would not recommend Cascade Mountain Resort."
243,"Is the review of Urban Oasis Hotel in New Orleans, USA positive?","Urban Oasis Hotel provided a wonderful stay in New Orleans. The hotel's central location allowed for easy exploration of the city's vibrant culture. The rooms were stylish, clean, and offered all the necessary amenities. The staff was friendly, helpful, and provided excellent recommendations for local attractions and dining. The hotel's rooftop terrace provided a tranquil oasis amidst the bustling city. I would highly recommend Urban Oasis Hotel for a memorable stay in New Orleans."
244,Which city is Urban Oasis Hotel located in?,"New Orleans, USA"
245,What is the most unique feature of Urban Oasis Hotel?,"Urban Oasis Hotel provided a wonderful stay in New Orleans. The hotel's central location allowed for easy exploration of the city's vibrant culture. The rooms were stylish, clean, and offered all the necessary amenities. The staff was friendly, helpful, and provided excellent recommendations for local attractions and dining. The hotel's rooftop terrace provided a tranquil oasis amidst the bustling city. I would highly recommend Urban Oasis Hotel for a memorable stay in New Orleans."
246,"Is the review of Urban Oasis Hotel in New Orleans, USA positive?","I had a subpar experience at Urban Oasis Hotel. The rooms were small and lacked proper soundproofing, making it difficult to sleep. The staff seemed disengaged and uninterested in guests' needs. The hotel's location, although central, was noisy and bustling. I would not recommend Urban Oasis Hotel."
247,Which city is Urban Oasis Hotel located in?,"New Orleans, USA"
248,What could Urban Oasis Hotel do to improve its customer service?,"I had a subpar experience at Urban Oasis Hotel. The rooms were small and lacked proper soundproofing, making it difficult to sleep. The staff seemed disengaged and uninterested in guests' needs. The hotel's location, although central, was noisy and bustling. I would not recommend Urban Oasis Hotel."
249,"What was the overall experience of staying at Island Paradise Resort in Phuket, Thailand?","My stay at Island Paradise Resort was absolutely amazing. The resort's tropical setting and stunning beachfront location provided a true slice of paradise. The rooms were spacious, clean, and beautifully designed. The staff was attentive, friendly, and made me feel like a valued guest. The resort's amenities, including the infinity pool and beachfront dining, were outstanding. I would highly recommend Island Paradise Resort for an unforgettable beach getaway in Phuket."
250,Which city is Island Paradise Resort located in?,"Phuket, Thailand"
251,What was the most memorable experience you had at Island Paradise Resort?,"My stay at Island Paradise Resort was absolutely amazing. The resort's tropical setting and stunning beachfront location provided a true slice of paradise. The rooms were spacious, clean, and beautifully designed. The staff was attentive, friendly, and made me feel like a valued guest. The resort's amenities, including the infinity pool and beachfront dining, were outstanding. I would highly recommend Island Paradise Resort for an unforgettable beach getaway in Phuket."
252,"What was the overall experience of staying at Island Paradise Resort in Phuket, Thailand?",Island Paradise Resort did not live up to its name. The rooms were cramped and lacked proper maintenance. The staff seemed overwhelmed and unable to provide satisfactory service. The resort's beachfront area was crowded and noisy. I would not recommend Island Paradise Resort.
253,Which city is Island Paradise Resort located in?,"Phuket, Thailand"
254,What are the main issues with Island Paradise Resort that the reviewer mentioned?,Island Paradise Resort did not live up to its name. The rooms were cramped and lacked proper maintenance. The staff seemed overwhelmed and unable to provide satisfactory service. The resort's beachfront area was crowded and noisy. I would not recommend Island Paradise Resort.
255,"What was the review of Majestic Plaza Hotel in Rome, Italy?","Majestic Plaza Hotel provided an exceptional stay in Rome. The hotel's grand architecture, elegant interiors, and attentive service created a luxurious atmosphere. The rooms were spacious, beautifully furnished, and offered all the comforts needed for a comfortable stay. The staff was professional, accommodating, and went above and beyond to ensure a memorable experience. The hotel's central location allowed for easy exploration of Rome's historic sites. I would highly recommend Majestic Plaza Hotel for a remarkable stay in Rome."
256,Which city is Majestic Plaza Hotel located in?,"Rome, Italy"
257,What are the key features of Majestic Plaza Hotel that make it stand out from other hotels in Rome?,"Majestic Plaza Hotel provided an exceptional stay in Rome. The hotel's grand architecture, elegant interiors, and attentive service created a luxurious atmosphere. The rooms were spacious, beautifully furnished, and offered all the comforts needed for a comfortable stay. The staff was professional, accommodating, and went above and beyond to ensure a memorable experience. The hotel's central location allowed for easy exploration of Rome's historic sites. I would highly recommend Majestic Plaza Hotel for a remarkable stay in Rome."
258,"What was the review of Majestic Plaza Hotel in Rome, Italy?","I had high expectations for Majestic Plaza Hotel, but unfortunately, it fell short. The rooms were not properly cleaned, and the furnishings were worn out. The staff seemed indifferent and unresponsive to guests' concerns. The hotel's location, although central, was noisy and crowded. I would not recommend Majestic Plaza Hotel."
259,Which city is Majestic Plaza Hotel located in?,"Rome, Italy"
260,What are the hotel's cleanliness standards?,"I had high expectations for Majestic Plaza Hotel, but unfortunately, it fell short. The rooms were not properly cleaned, and the furnishings were worn out. The staff seemed indifferent and unresponsive to guests' concerns. The hotel's location, although central, was noisy and crowded. I would not recommend Majestic Plaza Hotel."
261,Is there a review of Emerald Sands Resort in Dubai?,"My stay at Emerald Sands Resort was absolutely fantastic. The resort's luxurious amenities, stunning views, and impeccable service exceeded my expectations. The rooms were spacious, elegantly furnished, and offered breathtaking views of the Arabian Gulf. The staff was friendly, attentive, and made me feel like a valued guest. The resort's dining options, spa treatments, and beach access were outstanding. I would highly recommend Emerald Sands Resort for a luxurious and unforgettable stay in Dubai."
262,Emerald Sands Resort is located in the city of Emerald Sands.,"Dubai, United Arab Emirates"
263,What was the most memorable experience you had at Emerald Sands Resort?,"My stay at Emerald Sands Resort was absolutely fantastic. The resort's luxurious amenities, stunning views, and impeccable service exceeded my expectations. The rooms were spacious, elegantly furnished, and offered breathtaking views of the Arabian Gulf. The staff was friendly, attentive, and made me feel like a valued guest. The resort's dining options, spa treatments, and beach access were outstanding. I would highly recommend Emerald Sands Resort for a luxurious and unforgettable stay in Dubai."
264,Is there a review of Emerald Sands Resort in Dubai?,"Emerald Sands Resort did not live up to its reputation. The rooms were not properly cleaned, and the furnishings were worn out. The staff seemed disengaged and unresponsive to guests' needs. The resort's amenities were subpar compared to other luxury options in the area. I would not recommend Emerald Sands Resort."
265,Emerald Sands Resort is located in the city of Emerald Sands.,"Dubai, United Arab Emirates"
266,What could be done to improve the cleanliness and maintenance of the rooms at Emerald Sands Resort?,"Emerald Sands Resort did not live up to its reputation. The rooms were not properly cleaned, and the furnishings were worn out. The staff seemed disengaged and unresponsive to guests' needs. The resort's amenities were subpar compared to other luxury options in the area. I would not recommend Emerald Sands Resort."
267,Is there a Golden Valley Inn in Napa Valley?,"Golden Valley Inn provided a delightful stay in Napa Valley. The inn's picturesque location amidst vineyards and rolling hills created a serene atmosphere. The rooms were comfortable, clean, and tastefully decorated. The staff was friendly, welcoming, and provided excellent recommendations for local wineries and dining options. The inn's breakfast, featuring fresh local produce, was a delicious start to the day. I would highly recommend Golden Valley Inn for a charming wine country getaway."
268,What is the location of Golden Valley Inn?,"Napa Valley, USA"
269,What is the most memorable experience you had at Golden Valley Inn?,"Golden Valley Inn provided a delightful stay in Napa Valley. The inn's picturesque location amidst vineyards and rolling hills created a serene atmosphere. The rooms were comfortable, clean, and tastefully decorated. The staff was friendly, welcoming, and provided excellent recommendations for local wineries and dining options. The inn's breakfast, featuring fresh local produce, was a delicious start to the day. I would highly recommend Golden Valley Inn for a charming wine country getaway."
270,Is there a Golden Valley Inn in Napa Valley?,"My experience at Golden Valley Inn was underwhelming. The rooms were outdated and in need of renovation. The staff seemed disorganized and unable to provide satisfactory service. The inn's location was inconvenient, requiring long drives to popular wineries and attractions. I would not recommend Golden Valley Inn."
271,What is the location of Golden Valley Inn?,"Napa Valley, USA"
272,What are the potential drawbacks of Golden Valley Inn's location and how could they be addressed?,"My experience at Golden Valley Inn was underwhelming. The rooms were outdated and in need of renovation. The staff seemed disorganized and unable to provide satisfactory service. The inn's location was inconvenient, requiring long drives to popular wineries and attractions. I would not recommend Golden Valley Inn."
273,"What is the review of Azure Bay Resort in Santorini, Greece?","Azure Bay Resort provided an unforgettable stay in Santorini. The resort's cliffside location, stunning views, and impeccable service were truly remarkable. The rooms were elegant, spacious, and beautifully designed. The staff was friendly, attentive, and made me feel like a valued guest. The resort's infinity pool and beach access were perfect for relaxation. I would highly recommend Azure Bay Resort for a luxurious and breathtaking experience in Santorini."
274, which city Azure Bay Resort is located in.,"Santorini, Greece"
275,What are the key features of Azure Bay Resort that make it stand out from other resorts in Santorini?,"Azure Bay Resort provided an unforgettable stay in Santorini. The resort's cliffside location, stunning views, and impeccable service were truly remarkable. The rooms were elegant, spacious, and beautifully designed. The staff was friendly, attentive, and made me feel like a valued guest. The resort's infinity pool and beach access were perfect for relaxation. I would highly recommend Azure Bay Resort for a luxurious and breathtaking experience in Santorini."
276,"What is the review of Azure Bay Resort in Santorini, Greece?","Unfortunately, my experience at Azure Bay Resort was disappointing. The rooms were overpriced for the quality provided. The staff seemed overwhelmed and unable to meet guests' needs. The resort's amenities were lacking, and the overall ambiance did not match the expectations. I would not recommend Azure Bay Resort."
277, which city Azure Bay Resort is located in.,"Santorini, Greece"
278,What are the reasons behind Azure Bay Resort's disappointing reviews?,"Unfortunately, my experience at Azure Bay Resort was disappointing. The rooms were overpriced for the quality provided. The staff seemed overwhelmed and unable to meet guests' needs. The resort's amenities were lacking, and the overall ambiance did not match the expectations. I would not recommend Azure Bay Resort."
279,"Did the review of Tropical Paradise Resort in Cancun, Mexico, receive positive feedback?","My stay at Tropical Paradise Resort was absolutely incredible. The resort's beachfront location, turquoise waters, and warm hospitality created a true tropical paradise. The rooms were spacious, clean, and elegantly furnished. The staff was friendly, attentive, and provided exceptional service. The resort's amenities, including the pool, spa, and beach access, were outstanding. I would highly recommend Tropical Paradise Resort for an unforgettable beach vacation in Cancun."
280,Which city is Tropical Paradise Resort located in?,"Cancun, Mexico"
281,What was the most memorable experience you had at Tropical Paradise Resort?,"My stay at Tropical Paradise Resort was absolutely incredible. The resort's beachfront location, turquoise waters, and warm hospitality created a true tropical paradise. The rooms were spacious, clean, and elegantly furnished. The staff was friendly, attentive, and provided exceptional service. The resort's amenities, including the pool, spa, and beach access, were outstanding. I would highly recommend Tropical Paradise Resort for an unforgettable beach vacation in Cancun."
282,"Did the review of Tropical Paradise Resort in Cancun, Mexico, receive positive feedback?","Tropical Paradise Resort did not meet my expectations. The rooms were in need of renovation and lacked basic amenities. The staff seemed overwhelmed and unable to provide satisfactory service. The resort's beachfront area was overcrowded, making it difficult to find a peaceful spot. I would not recommend Tropical Paradise Resort."
283,Which city is Tropical Paradise Resort located in?,"Cancun, Mexico"
284,What are the resort's main attractions and amenities?,"Tropical Paradise Resort did not meet my expectations. The rooms were in need of renovation and lacked basic amenities. The staff seemed overwhelmed and unable to provide satisfactory service. The resort's beachfront area was overcrowded, making it difficult to find a peaceful spot. I would not recommend Tropical Paradise Resort."
285,"What was the review of Alpine Retreat Hotel in Zermatt, Switzerland?","Alpine Retreat Hotel provided a truly memorable stay in Zermatt. The hotel's cozy chalet-style ambiance, breathtaking mountain views, and attentive service were exceptional. The rooms were comfortable, beautifully furnished, and offered all the necessary amenities. The staff was friendly, accommodating, and provided excellent recommendations for outdoor activities. The hotel's spa facilities and dining options were outstanding. I would highly recommend Alpine Retreat Hotel for a remarkable stay in Zermatt."
286,Which city Alpine Retreat Hotel is located in?,"Zermatt, Switzerland"
287,What is the most memorable experience you had at Alpine Retreat Hotel in Zermatt?,"Alpine Retreat Hotel provided a truly memorable stay in Zermatt. The hotel's cozy chalet-style ambiance, breathtaking mountain views, and attentive service were exceptional. The rooms were comfortable, beautifully furnished, and offered all the necessary amenities. The staff was friendly, accommodating, and provided excellent recommendations for outdoor activities. The hotel's spa facilities and dining options were outstanding. I would highly recommend Alpine Retreat Hotel for a remarkable stay in Zermatt."
288,"What was the review of Alpine Retreat Hotel in Zermatt, Switzerland?",I had a disappointing experience at Alpine Retreat Hotel. The rooms were cramped and lacked proper soundproofing. The staff seemed overwhelmed and unable to provide satisfactory service. The hotel's dining options were limited and overpriced. I would not recommend Alpine Retreat Hotel.
289,Which city Alpine Retreat Hotel is located in?,"Zermatt, Switzerland"
290,What are the hotel's dining options and pricing?,I had a disappointing experience at Alpine Retreat Hotel. The rooms were cramped and lacked proper soundproofing. The staff seemed overwhelmed and unable to provide satisfactory service. The hotel's dining options were limited and overpriced. I would not recommend Alpine Retreat Hotel.
291,"Did the review of Ocean Breeze Resort in Sydney, Australia, receive positive feedback?","Ocean Breeze Resort provided a fantastic beach getaway in Sydney. The resort's beachfront location, stunning views, and modern accommodations were outstanding. The rooms were spacious, clean, and tastefully decorated. The staff was friendly, attentive, and provided exceptional service. The resort's pool area, spa, and beach access were fantastic. I would highly recommend Ocean Breeze Resort for a memorable stay in Sydney."
292,Which city is Ocean Breeze Resort located in?,"Sydney, Australia"
293,What are the key amenities and services provided by Ocean Breeze Resort?,"Ocean Breeze Resort provided a fantastic beach getaway in Sydney. The resort's beachfront location, stunning views, and modern accommodations were outstanding. The rooms were spacious, clean, and tastefully decorated. The staff was friendly, attentive, and provided exceptional service. The resort's pool area, spa, and beach access were fantastic. I would highly recommend Ocean Breeze Resort for a memorable stay in Sydney."
294,"Did the review of Ocean Breeze Resort in Sydney, Australia, receive positive feedback?","Unfortunately, my experience at Ocean Breeze Resort was disappointing. The rooms were not properly cleaned, and the furnishings were worn out. The staff seemed overwhelmed and unable to provide satisfactory service. The resort's beach access was crowded and noisy. I would not recommend Ocean Breeze Resort."
295,Which city is Ocean Breeze Resort located in?,"Sydney, Australia"
296,What was the overall experience at Ocean Breeze Resort?,"Unfortunately, my experience at Ocean Breeze Resort was disappointing. The rooms were not properly cleaned, and the furnishings were worn out. The staff seemed overwhelmed and unable to provide satisfactory service. The resort's beach access was crowded and noisy. I would not recommend Ocean Breeze Resort."
297,"What is the review of Sunset Paradise Hotel in Bali, Indonesia?","Sunset Paradise Hotel provided a truly magical experience in Bali. The hotel's serene surroundings, stunning sunsets, and warm hospitality were remarkable. The rooms were spacious, clean, and offered beautiful views of the ocean. The staff was friendly, attentive, and went above and beyond to ensure a memorable stay. The hotel's pool area and beachfront dining were outstanding. I would highly recommend Sunset Paradise Hotel for an unforgettable stay in Bali."
298,What is the location of Sunset Paradise Hotel?,"Bali, Indonesia"
299,What is the most memorable experience you had at Sunset Paradise Hotel in Bali?,"Sunset Paradise Hotel provided a truly magical experience in Bali. The hotel's serene surroundings, stunning sunsets, and warm hospitality were remarkable. The rooms were spacious, clean, and offered beautiful views of the ocean. The staff was friendly, attentive, and went above and beyond to ensure a memorable stay. The hotel's pool area and beachfront dining were outstanding. I would highly recommend Sunset Paradise Hotel for an unforgettable stay in Bali."
300,"What is the review of Sunset Paradise Hotel in Bali, Indonesia?","I had a disappointing experience at Sunset Paradise Hotel. The rooms were outdated and in need of renovation. The staff seemed disinterested and unhelpful. The hotel's amenities were underwhelming, and the beach access was overcrowded. I would not recommend Sunset Paradise Hotel."
301,What is the location of Sunset Paradise Hotel?,"Bali, Indonesia"
302,What are the hotel's amenities and beach access like?,"I had a disappointing experience at Sunset Paradise Hotel. The rooms were outdated and in need of renovation. The staff seemed disinterested and unhelpful. The hotel's amenities were underwhelming, and the beach access was overcrowded. I would not recommend Sunset Paradise Hotel."
303,"What is the review of Mountain View Resort in Lake Tahoe, USA?","Mountain View Resort provided a fantastic mountain retreat in Lake Tahoe. The resort's location amidst the breathtaking Sierra Nevada mountains and crystal-clear lake was awe-inspiring. The rooms were cozy, beautifully furnished, and offered stunning views of the natural surroundings. The staff was friendly, attentive, and provided exceptional service. The resort's amenities, including the pool and outdoor activities, were outstanding. I would highly recommend Mountain View Resort for a memorable stay in Lake Tahoe."
304,What is the location of Mountain View Resort?,"Lake Tahoe, USA"
305,What are the key attractions of Mountain View Resort in Lake Tahoe?,"Mountain View Resort provided a fantastic mountain retreat in Lake Tahoe. The resort's location amidst the breathtaking Sierra Nevada mountains and crystal-clear lake was awe-inspiring. The rooms were cozy, beautifully furnished, and offered stunning views of the natural surroundings. The staff was friendly, attentive, and provided exceptional service. The resort's amenities, including the pool and outdoor activities, were outstanding. I would highly recommend Mountain View Resort for a memorable stay in Lake Tahoe."
306,"What is the review of Mountain View Resort in Lake Tahoe, USA?","I had high expectations for Mountain View Resort, but unfortunately, it fell short. The rooms were not properly cleaned, and the furnishings were worn out. The staff seemed overwhelmed and unable to provide satisfactory service. The resort's amenities were lacking, and the overall ambiance did not match the expectations. I would not recommend Mountain View Resort."
307,What is the location of Mountain View Resort?,"Lake Tahoe, USA"
308,What are the key factors that contribute to the overall experience at Mountain View Resort?,"I had high expectations for Mountain View Resort, but unfortunately, it fell short. The rooms were not properly cleaned, and the furnishings were worn out. The staff seemed overwhelmed and unable to provide satisfactory service. The resort's amenities were lacking, and the overall ambiance did not match the expectations. I would not recommend Mountain View Resort."
309,"Is there a review of Coastal Haven Hotel in Gold Coast, Australia?","Coastal Haven Hotel provided a perfect beachfront getaway on the Gold Coast. The hotel's location right by the sandy beach and sparkling ocean was a dream come true. The rooms were spacious, clean, and offered beautiful views of the coastline. The staff was friendly, attentive, and provided exceptional service. The hotel's beach amenities, including sun loungers and umbrellas, made it easy to relax and enjoy the seaside. I would highly recommend Coastal Haven Hotel for an unforgettable beach vacation."
310,Which city is Coastal Haven Hotel located in?,"Gold Coast, Australia"
311,What are the hotel's beach amenities?,"Coastal Haven Hotel provided a perfect beachfront getaway on the Gold Coast. The hotel's location right by the sandy beach and sparkling ocean was a dream come true. The rooms were spacious, clean, and offered beautiful views of the coastline. The staff was friendly, attentive, and provided exceptional service. The hotel's beach amenities, including sun loungers and umbrellas, made it easy to relax and enjoy the seaside. I would highly recommend Coastal Haven Hotel for an unforgettable beach vacation."
312,"Is there a review of Coastal Haven Hotel in Gold Coast, Australia?","I had a disappointing experience at Coastal Haven Hotel. The rooms were not properly cleaned, and the furnishings were outdated. The staff seemed disengaged and unresponsive to guests' needs. The hotel's beachfront area was overcrowded and noisy. I would not recommend Coastal Haven Hotel."
313,Which city is Coastal Haven Hotel located in?,"Gold Coast, Australia"
314,What could be done to improve the cleanliness and overall experience at Coastal Haven Hotel?,"I had a disappointing experience at Coastal Haven Hotel. The rooms were not properly cleaned, and the furnishings were outdated. The staff seemed disengaged and unresponsive to guests' needs. The hotel's beachfront area was overcrowded and noisy. I would not recommend Coastal Haven Hotel."
